number,values_0,values_1,values_2,params_depth_multiple,params_last_dim,params_m1,params_m1/activation,params_m1/out_channels,params_m1/repeat,params_m1/stride,params_m2,params_m2/activation,params_m2/kernel_size,params_m2/out_channels,params_m2/repeat,params_m2/stride,params_m2/v2_c,params_m2/v2_t,params_m2/v3_c,params_m2/v3_hs,params_m2/v3_se,params_m2/v3_t,params_m3,params_m3/activation,params_m3/kernel_size,params_m3/out_channels,params_m3/repeat,params_m3/stride,params_m3/v2_c,params_m3/v2_t,params_m3/v3_c,params_m3/v3_hs,params_m3/v3_se,params_m3/v3_t,params_m4,params_m4/activation,params_m4/kernel_size,params_m4/out_channels,params_m4/repeat,params_m4/stride,params_m4/v2_c,params_m4/v2_t,params_m4/v3_c,params_m4/v3_hs,params_m4/v3_se,params_m4/v3_t,params_m5,params_m5/activation,params_m5/kernel_size,params_m5/out_channels,params_m5/repeat,params_m5/stride,params_m5/v2_c,params_m5/v2_t,params_m5/v3_c,params_m5/v3_hs,params_m5/v3_se,params_m5/v3_t,params_m6,params_m6/activation,params_m6/kernel_size,params_m6/out_channels,params_m6/repeat,params_m6/stride,params_m6/v2_c,params_m6/v2_t,params_m6/v3_c,params_m6/v3_hs,params_m6/v3_se,params_m6/v3_t,params_m7,params_m7/activation,params_m7/kernel_size,params_m7/out_channels,params_m7/repeat,params_m7/stride,params_m7/v2_c,params_m7/v2_t,params_m7/v3_c,params_m7/v3_hs,params_m7/v3_se,params_m7/v3_t,params_width_multiple,state
12,0.525439023621607,1091436.0,1.5422848145167032,0.25,512,DWConv,Hardswish,48,3,1,Conv,ReLU,5.0,96,2,1,,,,,,,Conv,Hardswish,5.0,32.0,5,1,,,,,,,InvertedResidualv2,,,,1,2,16.0,8.0,,,,,InvertedResidualv3,,3.0,,3,1.0,,,80.0,0.0,0.0,5.6000000000000005,Pass,,,,3,2,,,,,,,Conv,ReLU,5.0,640.0,5,1,,,,,,,0.75,COMPLETE
19,0.5054063021136939,15972.0,1.7555455923080445,0.25,512,DWConv,ReLU,48,3,1,InvertedResidualv2,,,32,2,2,16.0,1.0,,,,,InvertedResidualv2,,,,3,2,24.0,1.0,,,,,Pass,,,,5,1,,,,,,,Pass,,,,2,,,,,,,,InvertedResidualv3,,5.0,,2,2,,,16.0,0.0,0.0,2.5,InvertedResidualv3,,5.0,,3,2,,,8.0,1.0,1.0,1.0,1.0,COMPLETE
20,0.5451086807668177,83668.0,3.049198929468791,0.5,128,Conv,Hardswish,64,1,1,Pass,,,64,4,1,,,,,,,InvertedResidualv2,,,,1,1,32.0,8.0,,,,,InvertedResidualv3,,5.0,,3,1,,,32.0,0.0,0.0,2.9000000000000004,DWConv,ReLU,1.0,48.0,5,2.0,,,,,,,InvertedResidualv2,,,,4,1,112.0,6.0,,,,,DWConv,Hardswish,1.0,128.0,4,1,,,,,,,0.5,COMPLETE
25,0.5222445685520015,437276.0,1.527127464612325,0.25,384,Conv,Hardswish,48,3,1,InvertedResidualv2,,,48,3,1,32.0,3.0,,,,,InvertedResidualv3,,5.0,,2,2,,,8.0,0.0,0.0,5.800000000000001,Pass,,,,2,1,,,,,,,Pass,,,,1,,,,,,,,InvertedResidualv3,,5.0,,1,2,,,16.0,0.0,0.0,4.6,DWConv,ReLU,3.0,1024.0,4,2,,,,,,,1.0,COMPLETE
29,0.5253563657055771,210548.0,3.5473408063252765,0.25,256,DWConv,ReLU,16,2,2,DWConv,Hardswish,1.0,128,1,2,,,,,,,Pass,,,,3,1,,,,,,,InvertedResidualv3,,5.0,,5,1,,,8.0,0.0,1.0,1.1,Conv,Hardswish,3.0,256.0,4,1.0,,,,,,,DWConv,ReLU,5.0,192.0,5,1,,,,,,,DWConv,Hardswish,1.0,512.0,5,2,,,,,,,1.0,COMPLETE
35,0.5277918699857161,396772.0,1.75185919602712,0.25,768,Conv,Hardswish,64,1,1,Conv,ReLU,3.0,112,2,1,,,,,,,InvertedResidualv2,,,,3,1,32.0,7.0,,,,,InvertedResidualv2,,,,3,2,48.0,8.0,,,,,DWConv,ReLU,3.0,256.0,2,1.0,,,,,,,Conv,Hardswish,3.0,80.0,4,1,,,,,,,Conv,ReLU,3.0,768.0,3,1,,,,,,,0.5,COMPLETE
38,0.5430270276444091,57804.0,2.724179188410441,0.5,384,Conv,Hardswish,64,2,1,InvertedResidualv3,,5.0,64,4,1,,,40.0,1.0,0.0,1.0,Pass,,,,5,1,,,,,,,InvertedResidualv3,,5.0,,4,1,,,80.0,1.0,0.0,5.9,InvertedResidualv3,,5.0,,2,1.0,,,16.0,1.0,1.0,2.2,Pass,,,,1,1,,,,,,,Pass,,,,3,1,,,,,,,0.5,COMPLETE
41,0.5379261348556084,38092.0,1.2127594629923502,0.5,384,DWConv,ReLU,48,3,1,InvertedResidualv2,,,32,1,2,32.0,4.0,,,,,Pass,,,,4,1,,,,,,,Pass,,,,5,1,,,,,,,Pass,,,,2,,,,,,,,InvertedResidualv3,,5.0,,1,1,,,16.0,0.0,0.0,4.0,Pass,,,,3,2,,,,,,,1.0,COMPLETE
42,0.5600427442450343,51396.0,1.8968576113382976,0.5,512,DWConv,ReLU,32,3,1,Pass,,,16,1,2,,,,,,,Pass,,,,5,1,,,,,,,DWConv,Hardswish,3.0,112.0,5,1,,,,,,,InvertedResidualv3,,5.0,,2,2.0,,,16.0,1.0,1.0,1.3,Pass,,,,1,1,,,,,,,Pass,,,,3,2,,,,,,,1.0,COMPLETE
45,0.5022762176499943,179868.0,1.8066773335138957,0.25,640,Conv,Hardswish,16,3,1,Pass,,,16,5,1,,,,,,,DWConv,ReLU,1.0,112.0,3,1,,,,,,,DWConv,Hardswish,1.0,160.0,4,2,,,,,,,InvertedResidualv3,,5.0,,5,2.0,,,32.0,1.0,1.0,3.5,Pass,,,,3,2,,,,,,,Pass,,,,2,1,,,,,,,0.75,COMPLETE
46,0.5071182504060759,24660.0,1.9712661345799765,0.75,768,DWConv,ReLU,48,3,1,Pass,,,32,4,2,,,,,,,DWConv,ReLU,3.0,64.0,3,2,,,,,,,DWConv,Hardswish,3.0,256.0,3,2,,,,,,,InvertedResidualv3,,5.0,,4,2.0,,,32.0,0.0,0.0,2.6,Pass,,,,4,1,,,,,,,Pass,,,,1,1,,,,,,,0.25,COMPLETE
48,0.5398936183909809,47172.0,2.114833052953084,1.0,256,DWConv,ReLU,48,3,1,Pass,,,32,5,2,,,,,,,DWConv,ReLU,1.0,112.0,2,1,,,,,,,Pass,,,,1,1,,,,,,,InvertedResidualv3,,5.0,,3,2.0,,,32.0,0.0,0.0,2.4000000000000004,Pass,,,,4,2,,,,,,,Pass,,,,3,1,,,,,,,0.75,COMPLETE
49,0.5291553581081146,53060.0,1.2203349272410076,0.5,512,DWConv,ReLU,32,3,1,InvertedResidualv2,,,16,1,2,32.0,4.0,,,,,Pass,,,,5,1,,,,,,,Pass,,,,5,1,,,,,,,Pass,,,,2,,,,,,,,InvertedResidualv3,,5.0,,1,1,,,48.0,0.0,0.0,3.8000000000000003,Pass,,,,3,2,,,,,,,1.0,COMPLETE
50,0.5292514712551456,50596.0,1.234673055013021,0.5,512,DWConv,ReLU,32,3,1,InvertedResidualv2,,,32,1,2,32.0,3.0,,,,,Pass,,,,5,1,,,,,,,Pass,,,,5,1,,,,,,,Pass,,,,2,,,,,,,,InvertedResidualv3,,5.0,,1,1,,,48.0,0.0,0.0,3.7,Pass,,,,3,2,,,,,,,1.0,COMPLETE
51,0.5292442664939716,34396.0,1.1687253316243489,0.5,384,DWConv,ReLU,48,3,1,InvertedResidualv2,,,16,1,2,32.0,4.0,,,,,Pass,,,,4,1,,,,,,,Pass,,,,5,1,,,,,,,Pass,,,,3,,,,,,,,InvertedResidualv3,,5.0,,1,1,,,16.0,0.0,0.0,2.5,Pass,,,,3,2,,,,,,,1.0,COMPLETE
52,0.5321437248285589,53076.0,2.6453290780385337,0.5,640,DWConv,ReLU,48,3,1,Pass,,,16,1,2,,,,,,,Pass,,,,4,1,,,,,,,DWConv,Hardswish,3.0,112.0,5,1,,,,,,,InvertedResidualv3,,5.0,,3,2.0,,,16.0,1.0,1.0,1.2,Pass,,,,2,1,,,,,,,Pass,,,,3,2,,,,,,,1.0,COMPLETE
53,0.5614360497487333,99828.0,2.4271530946095785,0.5,384,DWConv,ReLU,48,3,1,InvertedResidualv2,,,16,1,2,32.0,4.0,,,,,DWConv,ReLU,3.0,96.0,3,1,,,,,,,DWConv,Hardswish,3.0,144.0,3,1,,,,,,,Pass,,,,3,,,,,,,,InvertedResidualv3,,5.0,,2,1,,,16.0,0.0,0.0,2.4000000000000004,Pass,,,,3,2,,,,,,,1.0,COMPLETE
55,0.5212894518093395,228732.0,3.454971742630005,0.75,512,DWConv,ReLU,32,3,1,InvertedResidualv3,,5.0,16,2,2,,,16.0,1.0,0.0,6.0,Pass,,,,5,2,,,,,,,DWConv,Hardswish,3.0,64.0,5,1,,,,,,,Pass,,,,2,,,,,,,,InvertedResidualv3,,5.0,,3,2,,,128.0,1.0,1.0,1.9,Pass,,,,1,2,,,,,,,1.0,COMPLETE
59,0.5365319184238585,172156.0,3.37695148785909,1.0,384,DWConv,ReLU,32,3,1,InvertedResidualv2,,,48,5,1,16.0,1.0,,,,,Conv,ReLU,3.0,128.0,2,1,,,,,,,Pass,,,,2,1,,,,,,,Pass,,,,3,,,,,,,,InvertedResidualv3,,5.0,,1,2,,,32.0,0.0,0.0,3.0,InvertedResidualv2,,,,3,2,16.0,8.0,,,,,0.75,COMPLETE
65,0.53222698745999,1206340.0,2.235995721817017,0.25,1024,Conv,Hardswish,64,3,1,InvertedResidualv2,,,16,1,2,32.0,4.0,,,,,DWConv,ReLU,1.0,48.0,5,1,,,,,,,InvertedResidualv3,,3.0,,3,2,,,48.0,0.0,0.0,1.1,Conv,Hardswish,3.0,224.0,2,2.0,,,,,,,InvertedResidualv2,,,,1,1,64.0,4.0,,,,,DWConv,Hardswish,3.0,768.0,4,1,,,,,,,1.0,COMPLETE
66,0.5133209665812665,30324.0,3.576149320602417,0.5,512,DWConv,ReLU,32,3,1,Pass,,,16,2,1,,,,,,,Pass,,,,3,2,,,,,,,Pass,,,,1,1,,,,,,,Pass,,,,3,,,,,,,,InvertedResidualv3,,5.0,,4,2,,,112.0,1.0,1.0,1.8,InvertedResidualv3,,5.0,,3,2,,,112.0,1.0,1.0,2.0,0.25,COMPLETE
67,0.5064858589435389,200964.0,1.6937130530675253,0.25,384,Conv,Hardswish,48,3,1,InvertedResidualv2,,,128,3,2,32.0,3.0,,,,,InvertedResidualv3,,3.0,,1,2,,,24.0,0.0,0.0,3.3000000000000003,DWConv,ReLU,1.0,160.0,5,2,,,,,,,InvertedResidualv3,,5.0,,1,2.0,,,32.0,0.0,0.0,4.6,Pass,,,,3,1,,,,,,,Pass,,,,2,1,,,,,,,1.0,COMPLETE
69,0.5369903450456702,80572.0,1.3821269432703653,0.25,256,DWConv,Hardswish,16,2,1,InvertedResidualv3,,5.0,16,4,1,,,16.0,1.0,1.0,1.1,DWConv,ReLU,3.0,64.0,4,1,,,,,,,Pass,,,,5,1,,,,,,,Conv,Hardswish,3.0,112.0,3,2.0,,,,,,,Pass,,,,2,2,,,,,,,DWConv,Hardswish,3.0,896.0,4,2,,,,,,,0.5,COMPLETE
71,0.5141299563926004,124892.0,1.204362678527832,0.5,384,DWConv,ReLU,48,2,1,InvertedResidualv2,,,32,1,1,16.0,4.0,,,,,InvertedResidualv2,,,,2,2,8.0,2.0,,,,,Pass,,,,2,1,,,,,,,Pass,,,,4,,,,,,,,DWConv,ReLU,1.0,272.0,1,1,,,,,,,Pass,,,,3,2,,,,,,,1.0,COMPLETE
72,0.5149366315937746,42796.0,1.7478293259938558,0.5,512,Conv,ReLU,48,3,1,Pass,,,32,3,1,,,,,,,Pass,,,,2,2,,,,,,,DWConv,Hardswish,1.0,128.0,5,1,,,,,,,Pass,,,,5,,,,,,,,InvertedResidualv3,,5.0,,1,1,,,32.0,0.0,0.0,5.800000000000001,InvertedResidualv3,,5.0,,4,2,,,160.0,0.0,0.0,4.1,0.25,COMPLETE
73,0.507735861780308,72036.0,1.8617002725601197,0.25,384,DWConv,Hardswish,48,3,1,InvertedResidualv2,,,16,2,1,32.0,2.0,,,,,InvertedResidualv2,,,,2,1,16.0,2.0,,,,,Pass,,,,5,2,,,,,,,Pass,,,,2,,,,,,,,InvertedResidualv3,,5.0,,1,2,,,128.0,1.0,1.0,2.0,Pass,,,,3,1,,,,,,,1.0,COMPLETE
76,0.5891158611151274,133820.0,3.915775998433431,0.75,768,DWConv,Hardswish,48,1,1,Pass,,,32,1,2,,,,,,,InvertedResidualv3,,3.0,,3,1,,,40.0,1.0,1.0,4.4,DWConv,Hardswish,1.0,64.0,4,2,,,,,,,InvertedResidualv3,,5.0,,2,1.0,,,16.0,1.0,1.0,2.6,Pass,,,,5,1,,,,,,,Pass,,,,5,1,,,,,,,1.0,COMPLETE
77,0.5326999576775402,168932.0,3.826483201980591,0.5,384,DWConv,ReLU,32,3,1,InvertedResidualv2,,,16,1,2,32.0,4.0,,,,,Pass,,,,5,1,,,,,,,DWConv,Hardswish,3.0,64.0,5,1,,,,,,,InvertedResidualv3,,5.0,,2,2.0,,,16.0,1.0,1.0,3.2,InvertedResidualv3,,5.0,,1,1,,,16.0,0.0,0.0,2.5,InvertedResidualv3,,5.0,,3,2,,,104.0,1.0,1.0,1.7000000000000002,1.0,COMPLETE
78,0.5260765926051779,122852.0,1.9265535990397136,0.5,384,DWConv,ReLU,32,3,1,InvertedResidualv2,,,16,1,2,16.0,3.0,,,,,Pass,,,,5,1,,,,,,,DWConv,ReLU,3.0,176.0,5,1,,,,,,,InvertedResidualv3,,5.0,,2,2.0,,,16.0,1.0,1.0,1.6,Pass,,,,2,1,,,,,,,Pass,,,,3,2,,,,,,,1.0,COMPLETE
81,0.5228728335805605,80292.0,1.8784255901972453,0.5,384,DWConv,ReLU,32,3,1,Pass,,,16,1,2,,,,,,,Pass,,,,5,1,,,,,,,DWConv,Hardswish,3.0,144.0,5,1,,,,,,,InvertedResidualv3,,5.0,,2,2.0,,,16.0,1.0,1.0,1.5,Pass,,,,1,1,,,,,,,Pass,,,,3,2,,,,,,,1.0,COMPLETE
82,0.5207372043920991,43772.0,1.5550464153289796,0.5,512,DWConv,ReLU,32,3,1,Pass,,,16,1,2,,,,,,,Pass,,,,4,1,,,,,,,DWConv,Hardswish,3.0,96.0,5,1,,,,,,,InvertedResidualv3,,5.0,,2,1.0,,,16.0,1.0,1.0,1.4,Pass,,,,1,1,,,,,,,Pass,,,,3,2,,,,,,,1.0,COMPLETE
83,0.567415715158596,104428.0,1.6708949247996012,0.5,512,DWConv,ReLU,32,3,1,DWConv,Hardswish,1.0,112,1,2,,,,,,,Pass,,,,4,1,,,,,,,Pass,,,,5,1,,,,,,,InvertedResidualv2,,,,3,2.0,48.0,3.0,,,,,Pass,,,,1,1,,,,,,,Pass,,,,3,2,,,,,,,1.0,COMPLETE
84,0.5645423412503482,91356.0,1.4153045336405436,0.5,512,DWConv,ReLU,32,3,1,DWConv,Hardswish,1.0,96,1,2,,,,,,,Pass,,,,4,1,,,,,,,Pass,,,,5,1,,,,,,,InvertedResidualv2,,,,3,2.0,48.0,3.0,,,,,Pass,,,,1,1,,,,,,,Pass,,,,2,2,,,,,,,1.0,COMPLETE
85,0.5618696097995599,108732.0,2.0047935962677004,0.5,256,DWConv,ReLU,32,3,1,DWConv,Hardswish,1.0,112,1,2,,,,,,,Pass,,,,4,1,,,,,,,Pass,,,,5,1,,,,,,,InvertedResidualv2,,,,3,2.0,48.0,3.0,,,,,InvertedResidualv3,,5.0,,1,1,,,32.0,0.0,0.0,4.300000000000001,Pass,,,,2,2,,,,,,,1.0,COMPLETE
86,0.5364317283605718,113020.0,1.6891221284866333,0.5,384,DWConv,ReLU,32,3,1,DWConv,Hardswish,1.0,96,1,2,,,,,,,Pass,,,,4,1,,,,,,,Pass,,,,5,1,,,,,,,InvertedResidualv2,,,,3,1.0,48.0,3.0,,,,,InvertedResidualv3,,5.0,,1,1,,,64.0,0.0,0.0,3.3000000000000003,Pass,,,,2,2,,,,,,,1.0,COMPLETE
87,0.5581101995270804,205628.0,2.0091519991556805,0.5,512,DWConv,ReLU,32,3,1,DWConv,Hardswish,1.0,16,1,2,,,,,,,Pass,,,,4,1,,,,,,,Pass,,,,5,1,,,,,,,InvertedResidualv2,,,,3,2.0,112.0,3.0,,,,,InvertedResidualv3,,5.0,,1,1,,,32.0,0.0,0.0,5.0,Pass,,,,2,2,,,,,,,1.0,COMPLETE
88,0.5418576554669722,48396.0,1.2428629318873088,0.5,384,DWConv,ReLU,16,3,1,InvertedResidualv2,,,96,1,2,32.0,4.0,,,,,Pass,,,,4,1,,,,,,,Pass,,,,5,1,,,,,,,Pass,,,,3,,,,,,,,InvertedResidualv3,,5.0,,1,1,,,64.0,0.0,0.0,3.9000000000000004,Pass,,,,3,2,,,,,,,1.0,COMPLETE
90,0.5005321686938594,130492.0,1.6508927901585897,0.25,640,Conv,Hardswish,16,3,1,InvertedResidualv2,,,64,2,2,32.0,4.0,,,,,Conv,Hardswish,5.0,48.0,4,1,,,,,,,Pass,,,,3,1,,,,,,,Pass,,,,3,,,,,,,,InvertedResidualv2,,,,4,2,48.0,6.0,,,,,InvertedResidualv2,,,,3,2,112.0,6.0,,,,,0.75,COMPLETE
91,0.5173069276471615,43396.0,1.3542741298675538,0.5,384,DWConv,ReLU,16,3,1,InvertedResidualv2,,,80,1,2,32.0,4.0,,,,,Pass,,,,4,1,,,,,,,Pass,,,,5,1,,,,,,,Pass,,,,3,,,,,,,,InvertedResidualv3,,5.0,,1,1,,,64.0,0.0,0.0,2.8,Pass,,,,3,2,,,,,,,1.0,COMPLETE
92,0.544342141764301,139020.0,1.6771071990331015,0.5,384,DWConv,ReLU,64,3,1,DWConv,Hardswish,1.0,112,1,2,,,,,,,Pass,,,,4,1,,,,,,,Pass,,,,5,1,,,,,,,InvertedResidualv2,,,,3,1.0,32.0,6.0,,,,,Pass,,,,1,1,,,,,,,Pass,,,,3,2,,,,,,,1.0,COMPLETE
95,0.5240820744253724,81764.0,3.3303210894266764,0.5,512,DWConv,ReLU,32,3,2,InvertedResidualv2,,,96,1,2,32.0,4.0,,,,,InvertedResidualv3,,5.0,,4,1,,,16.0,1.0,1.0,2.3,Pass,,,,5,1,,,,,,,Pass,,,,3,,,,,,,,Pass,,,,2,1,,,,,,,DWConv,Hardswish,3.0,512.0,3,2,,,,,,,0.5,COMPLETE
97,0.5045245385896647,217580.0,1.0513855854670207,0.75,640,DWConv,ReLU,32,1,1,InvertedResidualv2,,,80,1,2,32.0,4.0,,,,,Pass,,,,4,1,,,,,,,Pass,,,,4,1,,,,,,,Conv,Hardswish,1.0,224.0,3,1.0,,,,,,,Pass,,,,1,1,,,,,,,Pass,,,,3,2,,,,,,,1.0,COMPLETE
98,0.5141479995372834,55396.0,1.8857301235198975,0.25,512,DWConv,ReLU,32,3,1,InvertedResidualv2,,,32,2,2,16.0,3.0,,,,,InvertedResidualv2,,,,3,1,24.0,5.0,,,,,Pass,,,,5,1,,,,,,,Pass,,,,2,,,,,,,,Pass,,,,2,1,,,,,,,InvertedResidualv3,,5.0,,3,2,,,56.0,1.0,1.0,2.9000000000000004,1.0,COMPLETE
99,0.5087028080187377,153004.0,1.3923626740773518,0.5,512,DWConv,ReLU,32,3,1,Conv,Hardswish,5.0,112,1,2,,,,,,,InvertedResidualv2,,,,3,1,16.0,3.0,,,,,Pass,,,,4,1,,,,,,,Pass,,,,2,,,,,,,,Pass,,,,1,1,,,,,,,Pass,,,,3,2,,,,,,,1.0,COMPLETE
100,0.5118016965900241,57932.0,3.033088032404582,0.25,512,DWConv,ReLU,32,3,1,InvertedResidualv2,,,32,1,2,32.0,2.0,,,,,InvertedResidualv3,,3.0,,3,1,,,40.0,1.0,1.0,4.4,InvertedResidualv2,,,,5,1,8.0,2.0,,,,,InvertedResidualv3,,5.0,,2,2.0,,,32.0,1.0,1.0,2.8,Pass,,,,2,1,,,,,,,InvertedResidualv3,,5.0,,2,2,,,16.0,0.0,0.0,3.6,1.0,COMPLETE
102,0.5149766626551732,55340.0,1.528217601776123,0.25,512,DWConv,ReLU,32,3,1,Pass,,,32,1,2,,,,,,,InvertedResidualv2,,,,5,1,32.0,1.0,,,,,DWConv,ReLU,1.0,48.0,5,1,,,,,,,InvertedResidualv3,,5.0,,2,2.0,,,48.0,0.0,0.0,4.0,Pass,,,,1,2,,,,,,,Pass,,,,3,2,,,,,,,1.0,COMPLETE
104,0.5202799721258279,2380116.0,5.279129568735758,0.75,640,DWConv,ReLU,32,3,1,DWConv,Hardswish,3.0,48,2,2,,,,,,,Pass,,,,5,2,,,,,,,Conv,ReLU,5.0,176.0,4,1,,,,,,,InvertedResidualv2,,,,2,2.0,96.0,2.0,,,,,Pass,,,,3,2,,,,,,,InvertedResidualv3,,5.0,,3,2,,,88.0,1.0,1.0,5.1000000000000005,1.0,COMPLETE
105,0.53179344723187,220172.0,1.6723967949549357,0.25,512,DWConv,ReLU,48,3,1,Pass,,,16,1,2,,,,,,,InvertedResidualv2,,,,4,1,24.0,4.0,,,,,Pass,,,,5,1,,,,,,,InvertedResidualv3,,5.0,,2,2.0,,,32.0,1.0,1.0,2.4000000000000004,Conv,ReLU,3.0,240.0,2,2,,,,,,,Pass,,,,3,2,,,,,,,1.0,COMPLETE
107,0.5173221262744602,68348.0,0.9694549242655436,0.25,640,DWConv,ReLU,48,3,1,InvertedResidualv2,,,32,1,2,16.0,1.0,,,,,Pass,,,,1,1,,,,,,,Pass,,,,5,1,,,,,,,InvertedResidualv3,,5.0,,1,2.0,,,80.0,0.0,0.0,5.2,Pass,,,,5,2,,,,,,,Pass,,,,3,2,,,,,,,1.0,COMPLETE
128,0.509841233073918,72028.0,1.110702927907308,0.25,128,DWConv,ReLU,48,3,1,InvertedResidualv2,,,64,5,2,32.0,1.0,,,,,Pass,,,,1,1,,,,,,,Pass,,,,3,1,,,,,,,InvertedResidualv2,,,,1,2.0,48.0,6.0,,,,,Conv,Hardswish,3.0,464.0,5,1,,,,,,,Pass,,,,1,2,,,,,,,0.5,COMPLETE
130,0.5457507889203276,134028.0,1.8261333465576173,0.25,640,DWConv,ReLU,48,3,1,InvertedResidualv2,,,48,5,2,32.0,4.0,,,,,Pass,,,,1,1,,,,,,,Pass,,,,3,1,,,,,,,Pass,,,,1,,,,,,,,InvertedResidualv3,,5.0,,5,2,,,96.0,1.0,1.0,6.0,Pass,,,,5,2,,,,,,,1.0,COMPLETE
132,0.5121716267478336,689452.0,3.1954943815867107,0.5,512,DWConv,ReLU,48,3,1,DWConv,Hardswish,1.0,80,1,2,,,,,,,Pass,,,,4,1,,,,,,,InvertedResidualv3,,3.0,,5,1,,,24.0,0.0,1.0,4.800000000000001,InvertedResidualv2,,,,3,2.0,64.0,2.0,,,,,Pass,,,,1,1,,,,,,,DWConv,ReLU,1.0,1024.0,1,2,,,,,,,1.0,COMPLETE
133,0.5062930681409473,38988.0,1.1876351992289225,0.5,512,DWConv,ReLU,48,3,1,Conv,Hardswish,1.0,112,1,2,,,,,,,Pass,,,,4,1,,,,,,,Pass,,,,5,1,,,,,,,DWConv,ReLU,3.0,48.0,3,2.0,,,,,,,Pass,,,,1,1,,,,,,,Pass,,,,2,2,,,,,,,1.0,COMPLETE
134,0.5351123545622282,456908.0,1.6063914855321249,0.5,384,DWConv,ReLU,32,3,1,DWConv,Hardswish,5.0,96,1,2,,,,,,,Pass,,,,4,1,,,,,,,Pass,,,,5,1,,,,,,,Pass,,,,1,,,,,,,,Pass,,,,1,1,,,,,,,InvertedResidualv2,,,,5,2,128.0,7.0,,,,,1.0,COMPLETE
135,0.5560146650499059,106644.0,2.2913024266560873,0.5,640,DWConv,ReLU,48,2,1,InvertedResidualv2,,,96,1,2,16.0,3.0,,,,,Pass,,,,4,1,,,,,,,InvertedResidualv2,,,,4,1,48.0,4.0,,,,,Pass,,,,1,,,,,,,,InvertedResidualv3,,5.0,,1,1,,,48.0,1.0,1.0,3.4000000000000004,Pass,,,,3,2,,,,,,,1.0,COMPLETE
137,0.5018798438795558,50044.0,1.73035519917806,0.5,384,DWConv,ReLU,48,3,1,InvertedResidualv2,,,64,1,2,16.0,2.0,,,,,Conv,Hardswish,5.0,16.0,4,1,,,,,,,Conv,ReLU,5.0,16.0,2,1,,,,,,,InvertedResidualv2,,,,1,2.0,32.0,7.0,,,,,Pass,,,,1,2,,,,,,,Pass,,,,3,2,,,,,,,1.0,COMPLETE
138,0.5361421101758724,972268.0,2.153883711496989,0.5,512,DWConv,ReLU,64,3,1,InvertedResidualv3,,3.0,112,1,2,,,32.0,0.0,1.0,4.1,Pass,,,,4,1,,,,,,,Pass,,,,5,1,,,,,,,Pass,,,,3,,,,,,,,InvertedResidualv3,,5.0,,4,1,,,32.0,0.0,0.0,3.0,Conv,ReLU,3.0,384.0,4,2,,,,,,,0.75,COMPLETE
141,0.5055751867551539,525724.0,1.3039615948994954,1.0,640,DWConv,ReLU,16,3,1,InvertedResidualv2,,,64,1,2,16.0,4.0,,,,,Pass,,,,1,1,,,,,,,Pass,,,,5,1,,,,,,,Pass,,,,1,,,,,,,,Pass,,,,1,2,,,,,,,DWConv,Hardswish,3.0,768.0,3,2,,,,,,,1.0,COMPLETE
143,0.5196063476912776,108836.0,1.6272042751312257,0.5,640,DWConv,ReLU,32,3,1,InvertedResidualv2,,,64,1,2,16.0,4.0,,,,,Pass,,,,1,1,,,,,,,InvertedResidualv2,,,,5,1,56.0,7.0,,,,,Pass,,,,1,,,,,,,,Pass,,,,1,2,,,,,,,Pass,,,,3,2,,,,,,,1.0,COMPLETE
144,0.5113428680321054,1601324.0,1.8156245390574137,0.5,640,DWConv,ReLU,32,3,1,InvertedResidualv2,,,64,1,2,16.0,4.0,,,,,Conv,Hardswish,5.0,32.0,1,1,,,,,,,Conv,ReLU,5.0,208.0,5,1,,,,,,,InvertedResidualv2,,,,1,1.0,96.0,4.0,,,,,Pass,,,,5,2,,,,,,,Pass,,,,3,2,,,,,,,1.0,COMPLETE
146,0.5268627250006933,117540.0,1.4116160154342652,0.5,640,DWConv,ReLU,32,3,1,InvertedResidualv3,,3.0,80,1,2,,,24.0,1.0,0.0,5.2,Pass,,,,1,1,,,,,,,Pass,,,,5,1,,,,,,,Conv,Hardswish,3.0,240.0,1,2.0,,,,,,,Conv,ReLU,3.0,16.0,5,2,,,,,,,Pass,,,,5,2,,,,,,,1.0,COMPLETE
148,0.5093933697375822,94300.0,1.6842069307963052,1.0,640,Conv,Hardswish,16,3,1,InvertedResidualv2,,,128,1,2,16.0,4.0,,,,,InvertedResidualv3,,3.0,,1,1,,,32.0,0.0,0.0,5.1000000000000005,Pass,,,,5,1,,,,,,,InvertedResidualv3,,5.0,,1,2.0,,,80.0,0.0,0.0,5.4,Pass,,,,1,2,,,,,,,Pass,,,,3,2,,,,,,,1.0,COMPLETE
150,0.5160706360888088,92396.0,3.073843224843343,0.5,640,DWConv,ReLU,32,3,1,InvertedResidualv2,,,64,1,2,16.0,4.0,,,,,Pass,,,,1,1,,,,,,,InvertedResidualv3,,3.0,,3,1,,,24.0,0.0,0.0,4.9,Pass,,,,5,,,,,,,,InvertedResidualv3,,5.0,,5,2,,,112.0,1.0,1.0,3.8000000000000003,Pass,,,,3,2,,,,,,,0.5,COMPLETE
151,0.5168260248179063,79932.0,1.2229376077651977,0.5,768,DWConv,ReLU,48,1,2,InvertedResidualv2,,,64,1,2,16.0,4.0,,,,,DWConv,Hardswish,5.0,16.0,1,1,,,,,,,Pass,,,,5,1,,,,,,,InvertedResidualv3,,5.0,,1,1.0,,,64.0,0.0,0.0,5.2,Pass,,,,1,2,,,,,,,Pass,,,,3,2,,,,,,,1.0,COMPLETE
153,0.5374728090462954,371620.0,2.1681493441263835,0.5,768,DWConv,ReLU,48,3,1,Conv,ReLU,1.0,64,1,2,,,,,,,Pass,,,,1,1,,,,,,,Pass,,,,5,1,,,,,,,Pass,,,,1,,,,,,,,InvertedResidualv3,,5.0,,3,2,,,80.0,1.0,1.0,5.4,Pass,,,,1,2,,,,,,,1.0,COMPLETE
155,0.5367687019711913,70348.0,1.9829418579737346,0.5,768,DWConv,ReLU,16,3,1,DWConv,Hardswish,5.0,64,1,2,,,,,,,Pass,,,,1,1,,,,,,,InvertedResidualv2,,,,5,1,16.0,4.0,,,,,Pass,,,,1,,,,,,,,Pass,,,,1,2,,,,,,,InvertedResidualv3,,5.0,,3,2,,,24.0,0.0,0.0,5.5,1.0,COMPLETE
158,0.5152621481404037,16044.0,0.7789930701255798,0.25,384,DWConv,ReLU,32,3,1,InvertedResidualv2,,,96,3,2,16.0,3.0,,,,,Pass,,,,1,1,,,,,,,Pass,,,,5,1,,,,,,,Pass,,,,1,,,,,,,,Pass,,,,4,2,,,,,,,Pass,,,,3,1,,,,,,,1.0,COMPLETE
160,0.5522470072898488,361580.0,4.214510917663574,0.25,384,Conv,Hardswish,16,2,2,Pass,,,96,3,1,,,,,,,InvertedResidualv3,,3.0,,5,1,,,16.0,1.0,1.0,3.7,DWConv,ReLU,5.0,240.0,4,2,,,,,,,InvertedResidualv3,,3.0,,5,1.0,,,48.0,0.0,0.0,4.4,DWConv,Hardswish,1.0,480.0,4,1,,,,,,,DWConv,ReLU,3.0,640.0,2,1,,,,,,,0.75,COMPLETE
161,0.5018382919350587,118612.0,1.311948800086975,0.25,384,DWConv,ReLU,16,1,2,Pass,,,96,3,1,,,,,,,Conv,Hardswish,5.0,32.0,5,1,,,,,,,DWConv,ReLU,5.0,48.0,4,2,,,,,,,DWConv,ReLU,1.0,192.0,5,1.0,,,,,,,Pass,,,,4,1,,,,,,,InvertedResidualv2,,,,2,1,128.0,6.0,,,,,0.5,COMPLETE
163,0.5662761399591688,210780.0,3.4084864457448325,0.75,384,DWConv,ReLU,16,2,2,Pass,,,112,4,2,,,,,,,InvertedResidualv3,,3.0,,5,1,,,40.0,0.0,0.0,5.2,InvertedResidualv3,,3.0,,1,2,,,64.0,1.0,1.0,3.2,InvertedResidualv3,,3.0,,3,1.0,,,64.0,0.0,0.0,3.9000000000000004,Pass,,,,4,1,,,,,,,DWConv,Hardswish,1.0,128.0,1,1,,,,,,,1.0,COMPLETE
164,0.5042425737646026,304876.0,1.771172253290812,0.25,384,DWConv,ReLU,32,1,2,Conv,ReLU,5.0,96,4,2,,,,,,,InvertedResidualv2,,,,5,2,8.0,6.0,,,,,DWConv,Hardswish,1.0,112.0,4,1,,,,,,,Conv,Hardswish,3.0,112.0,3,1.0,,,,,,,Pass,,,,3,1,,,,,,,Pass,,,,4,1,,,,,,,1.0,COMPLETE
166,0.5179434860188968,126620.0,2.0262207905451457,0.25,384,DWConv,Hardswish,64,2,1,DWConv,ReLU,5.0,112,2,2,,,,,,,Pass,,,,5,1,,,,,,,DWConv,Hardswish,5.0,48.0,2,2,,,,,,,DWConv,ReLU,1.0,176.0,3,1.0,,,,,,,DWConv,ReLU,3.0,208.0,4,1,,,,,,,Pass,,,,4,1,,,,,,,1.0,COMPLETE
167,0.5452604784039476,343732.0,2.0572842597961425,0.25,384,Conv,ReLU,32,1,1,InvertedResidualv3,,3.0,96,4,2,,,24.0,1.0,1.0,1.5,Pass,,,,1,1,,,,,,,Conv,ReLU,3.0,176.0,4,1,,,,,,,InvertedResidualv3,,5.0,,1,1.0,,,48.0,1.0,1.0,3.0,Pass,,,,3,2,,,,,,,Pass,,,,1,1,,,,,,,1.0,COMPLETE
169,0.5084582442709404,108012.0,2.013320541381836,0.75,256,DWConv,ReLU,32,3,1,DWConv,ReLU,1.0,96,2,2,,,,,,,Pass,,,,1,1,,,,,,,DWConv,Hardswish,1.0,80.0,4,1,,,,,,,InvertedResidualv2,,,,2,2.0,64.0,4.0,,,,,Pass,,,,4,1,,,,,,,Pass,,,,4,1,,,,,,,1.0,COMPLETE
170,0.5155504933939566,415764.0,3.8562495708465576,1.0,384,DWConv,ReLU,64,3,2,Conv,ReLU,3.0,128,2,2,,,,,,,Pass,,,,4,2,,,,,,,InvertedResidualv2,,,,4,1,48.0,6.0,,,,,InvertedResidualv3,,5.0,,5,1.0,,,64.0,0.0,0.0,4.2,Pass,,,,3,2,,,,,,,Pass,,,,2,1,,,,,,,0.75,COMPLETE
171,0.5292785309458518,227556.0,1.3248512109120687,0.25,384,DWConv,ReLU,32,3,1,Pass,,,16,4,2,,,,,,,Pass,,,,4,1,,,,,,,DWConv,Hardswish,5.0,128.0,5,1,,,,,,,InvertedResidualv3,,5.0,,3,2.0,,,80.0,1.0,1.0,3.3000000000000003,Pass,,,,4,1,,,,,,,Pass,,,,2,1,,,,,,,1.0,COMPLETE
178,0.511236359363656,107292.0,4.074634679158529,0.75,256,Conv,Hardswish,32,2,1,InvertedResidualv3,,3.0,96,3,1,,,32.0,0.0,0.0,3.6,InvertedResidualv2,,,,1,2,16.0,7.0,,,,,InvertedResidualv3,,3.0,,5,2,,,16.0,1.0,0.0,5.2,Conv,ReLU,3.0,208.0,1,1.0,,,,,,,DWConv,Hardswish,3.0,48.0,4,2,,,,,,,Pass,,,,4,1,,,,,,,1.0,COMPLETE
179,0.502323609021217,103036.0,2.65666348139445,1.0,128,Conv,ReLU,32,1,1,Pass,,,96,3,1,,,,,,,Pass,,,,1,1,,,,,,,DWConv,Hardswish,1.0,32.0,5,2,,,,,,,Pass,,,,1,,,,,,,,InvertedResidualv2,,,,4,2,16.0,7.0,,,,,DWConv,Hardswish,1.0,512.0,4,1,,,,,,,1.0,COMPLETE
184,0.5224320718537393,132020.0,1.1823743820190429,0.25,512,DWConv,ReLU,32,3,1,Pass,,,128,4,2,,,,,,,Pass,,,,5,1,,,,,,,DWConv,Hardswish,3.0,144.0,5,1,,,,,,,InvertedResidualv3,,5.0,,3,2.0,,,80.0,0.0,0.0,2.3,Pass,,,,4,1,,,,,,,Pass,,,,3,1,,,,,,,1.0,COMPLETE
185,0.5250181853237864,70756.0,1.6091797351837158,0.25,256,DWConv,ReLU,32,3,1,InvertedResidualv2,,,16,2,2,16.0,3.0,,,,,Pass,,,,4,1,,,,,,,DWConv,Hardswish,3.0,128.0,5,1,,,,,,,InvertedResidualv3,,5.0,,1,2.0,,,48.0,1.0,1.0,1.3,Pass,,,,4,1,,,,,,,Pass,,,,4,1,,,,,,,1.0,COMPLETE
186,0.5495988827000263,315820.0,2.6338645299275716,0.75,512,Conv,ReLU,32,3,1,DWConv,Hardswish,1.0,32,4,2,,,,,,,Pass,,,,1,1,,,,,,,Pass,,,,5,1,,,,,,,InvertedResidualv2,,,,1,2.0,80.0,5.0,,,,,InvertedResidualv3,,3.0,,2,1,,,144.0,1.0,1.0,2.2,Pass,,,,3,1,,,,,,,1.0,COMPLETE
188,0.5520769063309924,146740.0,2.023423981666565,1.0,256,DWConv,Hardswish,16,3,1,Pass,,,96,5,2,,,,,,,Pass,,,,5,1,,,,,,,Pass,,,,1,1,,,,,,,InvertedResidualv3,,5.0,,1,2.0,,,64.0,1.0,1.0,5.5,Pass,,,,5,1,,,,,,,InvertedResidualv3,,5.0,,2,1,,,96.0,0.0,0.0,6.0,0.75,COMPLETE
190,0.5258768503430361,30836.0,1.6215381383895875,0.25,128,DWConv,ReLU,32,3,1,InvertedResidualv3,,3.0,96,4,2,,,16.0,0.0,0.0,5.2,DWConv,Hardswish,1.0,128.0,1,1,,,,,,,Pass,,,,2,1,,,,,,,Pass,,,,2,,,,,,,,InvertedResidualv3,,5.0,,1,2,,,144.0,1.0,1.0,4.800000000000001,Pass,,,,4,1,,,,,,,0.25,COMPLETE
191,0.5008295865944065,18252.0,1.612113070487976,0.25,128,DWConv,ReLU,32,3,1,InvertedResidualv3,,3.0,96,4,2,,,16.0,0.0,0.0,5.1000000000000005,DWConv,Hardswish,1.0,128.0,3,1,,,,,,,Pass,,,,2,1,,,,,,,InvertedResidualv3,,5.0,,2,2.0,,,48.0,1.0,1.0,3.6,Pass,,,,1,1,,,,,,,Pass,,,,4,1,,,,,,,0.25,COMPLETE
192,0.50286763695668,24460.0,1.3199359734853109,0.25,512,DWConv,ReLU,32,3,1,Pass,,,16,5,2,,,,,,,Pass,,,,5,1,,,,,,,DWConv,Hardswish,3.0,96.0,5,1,,,,,,,Pass,,,,2,,,,,,,,InvertedResidualv3,,5.0,,1,2,,,144.0,1.0,1.0,4.800000000000001,Pass,,,,3,1,,,,,,,0.25,COMPLETE
193,0.5139070869951716,133740.0,1.1857898712158204,0.25,512,DWConv,ReLU,64,3,1,InvertedResidualv2,,,112,5,2,16.0,2.0,,,,,DWConv,ReLU,1.0,48.0,1,1,,,,,,,Pass,,,,5,1,,,,,,,InvertedResidualv2,,,,1,2.0,112.0,7.0,,,,,Pass,,,,1,2,,,,,,,Pass,,,,3,1,,,,,,,1.0,COMPLETE
194,0.5175848534471368,55780.0,0.975598935286204,0.75,256,Conv,ReLU,32,2,1,DWConv,ReLU,1.0,96,1,2,,,,,,,InvertedResidualv3,,3.0,,1,1,,,32.0,0.0,0.0,2.6,Pass,,,,5,1,,,,,,,Pass,,,,1,,,,,,,,Pass,,,,1,1,,,,,,,Pass,,,,4,1,,,,,,,1.0,COMPLETE
197,0.5554896283858416,191012.0,2.403735462824504,0.5,256,DWConv,ReLU,32,3,1,InvertedResidualv3,,3.0,32,1,2,,,40.0,1.0,1.0,1.9,InvertedResidualv2,,,,1,1,8.0,5.0,,,,,Pass,,,,5,1,,,,,,,Conv,ReLU,3.0,240.0,1,2.0,,,,,,,InvertedResidualv2,,,,5,1,32.0,2.0,,,,,Pass,,,,2,1,,,,,,,1.0,COMPLETE
199,0.5241733573982245,4428988.0,2.290414905548096,1.0,512,DWConv,ReLU,16,3,1,DWConv,Hardswish,1.0,96,1,2,,,,,,,Pass,,,,5,1,,,,,,,Pass,,,,5,1,,,,,,,InvertedResidualv2,,,,3,2.0,48.0,3.0,,,,,Pass,,,,4,2,,,,,,,Conv,ReLU,3.0,384.0,4,1,,,,,,,1.0,COMPLETE
200,0.5202098293125227,61060.0,1.702843729654948,0.5,512,DWConv,ReLU,64,2,1,Pass,,,48,1,2,,,,,,,Pass,,,,1,1,,,,,,,DWConv,Hardswish,3.0,160.0,5,1,,,,,,,InvertedResidualv3,,5.0,,1,2.0,,,32.0,1.0,1.0,2.7,Pass,,,,1,1,,,,,,,Pass,,,,2,1,,,,,,,0.5,COMPLETE
202,0.5146200481268223,210524.0,1.6441344022750854,0.25,512,DWConv,ReLU,32,3,2,InvertedResidualv2,,,16,3,2,16.0,2.0,,,,,InvertedResidualv3,,3.0,,5,1,,,16.0,1.0,1.0,3.2,Pass,,,,5,1,,,,,,,Pass,,,,4,,,,,,,,DWConv,Hardswish,1.0,384.0,1,2,,,,,,,Pass,,,,4,1,,,,,,,1.0,COMPLETE
203,0.5317808802978808,311004.0,3.1600597222646076,0.75,384,DWConv,ReLU,48,3,1,Conv,ReLU,1.0,96,3,2,,,,,,,Pass,,,,1,1,,,,,,,InvertedResidualv2,,,,5,1,16.0,7.0,,,,,DWConv,Hardswish,3.0,160.0,2,2.0,,,,,,,Pass,,,,2,1,,,,,,,DWConv,Hardswish,1.0,1024.0,2,1,,,,,,,0.75,COMPLETE
204,0.5191368326032019,102852.0,1.5249365488688151,0.5,512,DWConv,Hardswish,16,3,1,InvertedResidualv2,,,80,3,2,16.0,3.0,,,,,Pass,,,,2,1,,,,,,,Pass,,,,4,1,,,,,,,Pass,,,,5,,,,,,,,Pass,,,,5,2,,,,,,,InvertedResidualv3,,5.0,,1,1,,,160.0,0.0,0.0,3.6,1.0,COMPLETE
207,0.50801347492961,50316.0,1.675276764233907,0.5,384,DWConv,ReLU,32,3,1,InvertedResidualv2,,,128,3,1,32.0,3.0,,,,,DWConv,ReLU,1.0,80.0,1,2,,,,,,,Pass,,,,5,1,,,,,,,Pass,,,,1,,,,,,,,Pass,,,,4,1,,,,,,,Pass,,,,4,1,,,,,,,1.0,COMPLETE
209,0.5210298489264894,117196.0,1.8244906584421794,0.5,384,DWConv,Hardswish,16,2,2,Pass,,,16,3,2,,,,,,,Pass,,,,5,1,,,,,,,DWConv,ReLU,3.0,144.0,5,1,,,,,,,Conv,ReLU,3.0,32.0,3,1.0,,,,,,,InvertedResidualv2,,,,5,1,48.0,5.0,,,,,Pass,,,,5,2,,,,,,,1.0,COMPLETE
214,0.5467122669646329,67516.0,2.392746686935425,0.5,384,DWConv,ReLU,48,3,1,Pass,,,112,3,1,,,,,,,Pass,,,,1,1,,,,,,,InvertedResidualv3,,3.0,,4,2,,,72.0,0.0,1.0,2.6,InvertedResidualv3,,5.0,,2,2.0,,,48.0,1.0,1.0,1.0,Pass,,,,4,2,,,,,,,Pass,,,,4,2,,,,,,,0.75,COMPLETE
215,0.521766110815873,178780.0,2.52982611656189,0.75,512,DWConv,Hardswish,32,3,1,InvertedResidualv2,,,96,3,2,16.0,3.0,,,,,InvertedResidualv3,,3.0,,4,1,,,40.0,0.0,0.0,1.8,Pass,,,,2,1,,,,,,,Pass,,,,3,,,,,,,,DWConv,ReLU,1.0,288.0,1,2,,,,,,,Pass,,,,2,2,,,,,,,1.0,COMPLETE
216,0.5100428932032551,73796.0,1.7693951845169067,0.25,384,DWConv,ReLU,32,3,1,Conv,Hardswish,1.0,16,3,2,,,,,,,Pass,,,,1,1,,,,,,,DWConv,Hardswish,3.0,64.0,5,1,,,,,,,Pass,,,,1,,,,,,,,InvertedResidualv3,,5.0,,5,1,,,80.0,1.0,1.0,1.1,InvertedResidualv2,,,,5,1,48.0,3.0,,,,,1.0,COMPLETE
218,0.5458995509008481,266788.0,1.6231082598368327,0.25,256,DWConv,ReLU,48,3,1,InvertedResidualv2,,,96,3,2,32.0,3.0,,,,,DWConv,Hardswish,5.0,64.0,4,2,,,,,,,InvertedResidualv2,,,,5,1,40.0,5.0,,,,,InvertedResidualv3,,5.0,,3,2.0,,,32.0,0.0,0.0,2.5,Conv,Hardswish,3.0,368.0,2,1,,,,,,,Pass,,,,3,1,,,,,,,1.0,COMPLETE
223,0.5043007000632821,109868.0,1.4685503959655761,0.5,384,DWConv,ReLU,32,3,1,Pass,,,16,1,2,,,,,,,Pass,,,,4,1,,,,,,,DWConv,Hardswish,1.0,48.0,5,1,,,,,,,Pass,,,,3,,,,,,,,InvertedResidualv3,,5.0,,1,1,,,128.0,0.0,0.0,5.6000000000000005,Pass,,,,3,2,,,,,,,1.0,COMPLETE
224,0.5186065036598821,42604.0,1.309766411781311,0.5,384,DWConv,ReLU,32,3,1,Pass,,,16,1,2,,,,,,,Pass,,,,4,1,,,,,,,Pass,,,,5,1,,,,,,,InvertedResidualv3,,5.0,,1,1.0,,,16.0,1.0,1.0,5.7,Pass,,,,5,1,,,,,,,Pass,,,,3,2,,,,,,,1.0,COMPLETE
225,0.5172380841334648,582316.0,1.1742485284805297,0.25,384,DWConv,ReLU,48,3,1,InvertedResidualv2,,,128,1,2,32.0,3.0,,,,,Pass,,,,4,1,,,,,,,DWConv,Hardswish,5.0,224.0,5,1,,,,,,,Pass,,,,3,,,,,,,,InvertedResidualv2,,,,1,2,96.0,7.0,,,,,Pass,,,,3,2,,,,,,,1.0,COMPLETE
230,0.5477586118937886,89964.0,1.4191338857014975,0.5,384,DWConv,ReLU,16,3,2,Pass,,,112,1,2,,,,,,,InvertedResidualv2,,,,1,1,16.0,3.0,,,,,DWConv,ReLU,5.0,160.0,5,1,,,,,,,Pass,,,,1,,,,,,,,InvertedResidualv3,,5.0,,1,2,,,48.0,0.0,0.0,1.5,Pass,,,,3,1,,,,,,,1.0,COMPLETE
235,0.5180601289612062,259636.0,1.6273365338643393,0.25,256,DWConv,ReLU,32,3,1,InvertedResidualv2,,,16,1,2,16.0,3.0,,,,,Pass,,,,1,1,,,,,,,Pass,,,,5,1,,,,,,,Pass,,,,1,,,,,,,,InvertedResidualv3,,5.0,,4,1,,,64.0,1.0,1.0,4.5,DWConv,ReLU,3.0,896.0,3,1,,,,,,,1.0,COMPLETE
236,0.5382472968173667,104604.0,1.7442837238311768,0.5,384,DWConv,ReLU,32,2,1,Conv,ReLU,1.0,96,2,1,,,,,,,Pass,,,,1,1,,,,,,,InvertedResidualv2,,,,5,1,32.0,4.0,,,,,DWConv,ReLU,3.0,80.0,4,1.0,,,,,,,Pass,,,,1,2,,,,,,,Pass,,,,3,2,,,,,,,1.0,COMPLETE
237,0.5155398564534924,1987700.0,2.2355968316396075,0.25,384,DWConv,ReLU,64,3,2,InvertedResidualv2,,,16,1,2,16.0,3.0,,,,,Conv,Hardswish,5.0,96.0,3,1,,,,,,,Conv,Hardswish,1.0,192.0,5,1,,,,,,,InvertedResidualv3,,5.0,,2,2.0,,,16.0,1.0,1.0,1.4,Conv,Hardswish,3.0,480.0,1,1,,,,,,,InvertedResidualv2,,,,3,1,96.0,6.0,,,,,1.0,COMPLETE
241,0.5395542140708537,26364.0,1.4434346596399943,0.5,640,DWConv,ReLU,32,2,1,InvertedResidualv2,,,128,3,2,16.0,3.0,,,,,Pass,,,,1,1,,,,,,,Pass,,,,5,1,,,,,,,InvertedResidualv3,,5.0,,2,1.0,,,16.0,0.0,0.0,2.2,Pass,,,,2,1,,,,,,,Pass,,,,3,2,,,,,,,1.0,COMPLETE
242,0.5181713963270951,31684.0,1.636902403831482,0.5,640,DWConv,ReLU,32,2,1,InvertedResidualv2,,,128,3,2,16.0,3.0,,,,,Pass,,,,1,1,,,,,,,DWConv,Hardswish,5.0,32.0,5,1,,,,,,,InvertedResidualv3,,5.0,,2,1.0,,,16.0,0.0,0.0,2.2,Pass,,,,2,1,,,,,,,Pass,,,,3,2,,,,,,,1.0,COMPLETE
243,0.5124588789533112,27340.0,1.4254762729008992,0.5,640,DWConv,ReLU,32,2,1,InvertedResidualv2,,,128,3,2,16.0,3.0,,,,,Pass,,,,1,1,,,,,,,Pass,,,,5,1,,,,,,,InvertedResidualv3,,5.0,,2,1.0,,,16.0,0.0,0.0,3.0,Pass,,,,2,1,,,,,,,Pass,,,,3,2,,,,,,,1.0,COMPLETE
246,0.5454222705208126,56460.0,0.9784021298090617,0.5,640,DWConv,ReLU,32,2,1,Pass,,,128,1,2,,,,,,,Pass,,,,4,1,,,,,,,DWConv,Hardswish,5.0,128.0,5,1,,,,,,,InvertedResidualv3,,5.0,,2,1.0,,,16.0,0.0,0.0,1.5,Pass,,,,1,1,,,,,,,Pass,,,,3,2,,,,,,,1.0,COMPLETE
247,0.5244194908100814,56460.0,0.9456426699956259,0.5,640,DWConv,ReLU,32,2,1,Pass,,,128,1,2,,,,,,,Pass,,,,4,1,,,,,,,DWConv,Hardswish,5.0,128.0,5,2,,,,,,,InvertedResidualv3,,5.0,,2,1.0,,,16.0,0.0,0.0,1.5,Pass,,,,1,1,,,,,,,Pass,,,,3,2,,,,,,,1.0,COMPLETE
248,0.5262639327808005,68532.0,1.2940629323323567,0.5,640,DWConv,ReLU,32,2,1,Pass,,,128,1,2,,,,,,,Pass,,,,4,1,,,,,,,DWConv,Hardswish,5.0,144.0,5,1,,,,,,,InvertedResidualv3,,5.0,,2,1.0,,,16.0,0.0,0.0,1.5,Pass,,,,1,1,,,,,,,Pass,,,,3,2,,,,,,,1.0,COMPLETE
249,0.5170344586069349,59092.0,1.274069333076477,0.5,640,DWConv,ReLU,32,2,1,Pass,,,128,1,2,,,,,,,Pass,,,,5,1,,,,,,,DWConv,Hardswish,5.0,112.0,5,1,,,,,,,InvertedResidualv3,,5.0,,2,1.0,,,16.0,0.0,0.0,1.9,Pass,,,,1,1,,,,,,,Pass,,,,3,2,,,,,,,1.0,COMPLETE
250,0.521270372691517,60612.0,0.9618837277094523,0.5,640,DWConv,ReLU,32,2,1,Pass,,,128,1,2,,,,,,,Pass,,,,1,1,,,,,,,DWConv,Hardswish,5.0,128.0,5,1,,,,,,,InvertedResidualv3,,5.0,,2,1.0,,,16.0,0.0,0.0,1.7000000000000002,Pass,,,,1,1,,,,,,,Pass,,,,3,2,,,,,,,1.0,COMPLETE
252,0.5010115915873185,67988.0,1.2739221493403117,0.5,640,DWConv,ReLU,32,2,1,Pass,,,128,1,2,,,,,,,Pass,,,,5,1,,,,,,,DWConv,Hardswish,1.0,160.0,5,2,,,,,,,InvertedResidualv3,,5.0,,3,1.0,,,16.0,0.0,0.0,1.5,Pass,,,,1,1,,,,,,,Pass,,,,2,2,,,,,,,1.0,COMPLETE
253,0.522767029428862,52308.0,0.953273602326711,0.5,640,DWConv,ReLU,32,2,1,Pass,,,128,1,2,,,,,,,Pass,,,,1,1,,,,,,,DWConv,Hardswish,5.0,128.0,5,1,,,,,,,InvertedResidualv3,,5.0,,2,1.0,,,16.0,0.0,0.0,1.3,Pass,,,,1,1,,,,,,,Pass,,,,3,2,,,,,,,1.0,COMPLETE
254,0.5188917722493612,44444.0,1.2750143925348918,0.5,640,DWConv,ReLU,32,2,1,Pass,,,128,1,2,,,,,,,Pass,,,,4,1,,,,,,,DWConv,Hardswish,5.0,96.0,5,1,,,,,,,InvertedResidualv3,,5.0,,3,1.0,,,16.0,0.0,0.0,1.6,Pass,,,,1,1,,,,,,,Pass,,,,3,2,,,,,,,1.0,COMPLETE
256,0.5231338472387081,28324.0,1.6647530635197958,0.5,640,DWConv,ReLU,32,2,1,Pass,,,128,1,2,,,,,,,Pass,,,,3,1,,,,,,,DWConv,Hardswish,1.0,48.0,5,1,,,,,,,InvertedResidualv3,,5.0,,3,1.0,,,16.0,0.0,0.0,2.1,Pass,,,,1,1,,,,,,,Pass,,,,3,2,,,,,,,1.0,COMPLETE
261,0.5871968417624108,144636.0,1.2797247966130574,0.5,640,DWConv,ReLU,32,2,1,InvertedResidualv2,,,128,1,2,16.0,3.0,,,,,Pass,,,,1,1,,,,,,,DWConv,ReLU,3.0,256.0,5,2,,,,,,,InvertedResidualv3,,5.0,,2,1.0,,,32.0,0.0,0.0,1.3,Pass,,,,1,1,,,,,,,Pass,,,,3,2,,,,,,,1.0,COMPLETE
262,0.5696240365073819,144636.0,1.2929088036219278,0.5,640,DWConv,ReLU,32,2,1,InvertedResidualv2,,,128,1,2,16.0,3.0,,,,,Pass,,,,1,1,,,,,,,DWConv,ReLU,3.0,256.0,5,2,,,,,,,InvertedResidualv3,,5.0,,2,1.0,,,32.0,0.0,0.0,1.3,Pass,,,,1,1,,,,,,,Pass,,,,3,2,,,,,,,1.0,COMPLETE
263,0.5889665708174888,102740.0,1.2734527985254924,0.5,640,DWConv,ReLU,32,2,1,InvertedResidualv2,,,128,1,2,16.0,3.0,,,,,Pass,,,,1,1,,,,,,,DWConv,ReLU,3.0,240.0,5,2,,,,,,,InvertedResidualv3,,5.0,,2,1.0,,,16.0,0.0,0.0,1.1,Pass,,,,1,1,,,,,,,Pass,,,,3,2,,,,,,,1.0,COMPLETE
267,0.501997907172815,450108.0,1.2012885411580403,0.25,640,Conv,Hardswish,48,2,1,InvertedResidualv2,,,128,3,1,16.0,3.0,,,,,Pass,,,,1,1,,,,,,,Pass,,,,5,2,,,,,,,DWConv,ReLU,1.0,256.0,2,1.0,,,,,,,InvertedResidualv2,,,,2,2,112.0,7.0,,,,,Pass,,,,3,1,,,,,,,0.75,COMPLETE
270,0.5068969448708486,67668.0,1.8639551877975464,0.25,640,DWConv,ReLU,16,2,1,InvertedResidualv2,,,80,3,2,32.0,3.0,,,,,Pass,,,,1,1,,,,,,,InvertedResidualv3,,3.0,,3,2,,,56.0,1.0,1.0,3.6,Pass,,,,2,,,,,,,,InvertedResidualv2,,,,3,2,80.0,4.0,,,,,Pass,,,,3,1,,,,,,,0.75,COMPLETE
272,0.5215269184828196,81860.0,1.058886416753133,0.25,640,DWConv,Hardswish,32,2,1,InvertedResidualv2,,,112,3,2,16.0,1.0,,,,,DWConv,ReLU,5.0,96.0,1,1,,,,,,,Pass,,,,5,2,,,,,,,InvertedResidualv3,,5.0,,1,1.0,,,16.0,0.0,0.0,4.6,Pass,,,,5,2,,,,,,,Pass,,,,3,1,,,,,,,1.0,COMPLETE
273,0.5164463263276317,144108.0,0.8423466722170512,0.25,640,DWConv,ReLU,48,2,1,InvertedResidualv2,,,128,3,2,32.0,3.0,,,,,Pass,,,,1,1,,,,,,,DWConv,ReLU,3.0,192.0,5,1,,,,,,,Pass,,,,2,,,,,,,,Pass,,,,3,2,,,,,,,Pass,,,,1,1,,,,,,,1.0,COMPLETE
274,0.5036357139395681,57228.0,2.193341875076294,1.0,640,Conv,ReLU,32,2,1,InvertedResidualv2,,,128,3,2,16.0,3.0,,,,,Pass,,,,1,1,,,,,,,InvertedResidualv2,,,,1,2,64.0,8.0,,,,,Pass,,,,1,,,,,,,,Pass,,,,2,2,,,,,,,DWConv,ReLU,3.0,256.0,3,2,,,,,,,0.5,COMPLETE
276,0.521336036737576,295036.0,2.2008469740549725,0.25,640,DWConv,ReLU,32,2,2,InvertedResidualv2,,,128,3,1,16.0,1.0,,,,,Pass,,,,1,1,,,,,,,Conv,ReLU,5.0,224.0,5,1,,,,,,,Pass,,,,1,,,,,,,,DWConv,Hardswish,3.0,96.0,4,2,,,,,,,InvertedResidualv3,,5.0,,5,1,,,32.0,1.0,1.0,4.7,1.0,COMPLETE
277,0.5563423734707872,82316.0,1.1916586637496949,0.25,1024,DWConv,ReLU,64,2,1,InvertedResidualv2,,,128,3,2,32.0,3.0,,,,,Conv,Hardswish,1.0,48.0,1,1,,,,,,,DWConv,ReLU,3.0,240.0,5,1,,,,,,,InvertedResidualv3,,5.0,,1,1.0,,,32.0,0.0,0.0,1.0,Pass,,,,2,1,,,,,,,Pass,,,,3,2,,,,,,,1.0,COMPLETE
284,0.5141318964643539,124620.0,1.4140074650446575,0.25,896,DWConv,Hardswish,16,2,2,InvertedResidualv2,,,128,5,2,16.0,2.0,,,,,Conv,ReLU,3.0,96.0,1,1,,,,,,,InvertedResidualv3,,3.0,,5,2,,,24.0,0.0,0.0,5.6000000000000005,InvertedResidualv3,,5.0,,1,1.0,,,32.0,0.0,0.0,1.1,Pass,,,,4,1,,,,,,,Pass,,,,3,1,,,,,,,1.0,COMPLETE
287,0.53685263628275,337908.0,0.8599551995595296,0.25,640,DWConv,ReLU,48,2,1,Conv,ReLU,5.0,128,5,2,,,,,,,Pass,,,,1,2,,,,,,,Pass,,,,5,1,,,,,,,InvertedResidualv3,,5.0,,1,1.0,,,80.0,0.0,0.0,4.2,Pass,,,,2,1,,,,,,,Pass,,,,5,2,,,,,,,1.0,COMPLETE
288,0.518702959240314,864868.0,1.844644276301066,0.5,1024,Conv,Hardswish,32,2,2,Conv,ReLU,5.0,128,1,1,,,,,,,InvertedResidualv2,,,,2,2,16.0,8.0,,,,,DWConv,ReLU,5.0,240.0,2,2,,,,,,,InvertedResidualv3,,5.0,,2,1.0,,,80.0,0.0,0.0,1.2,DWConv,Hardswish,1.0,512.0,1,1,,,,,,,DWConv,ReLU,5.0,1024.0,3,2,,,,,,,0.75,COMPLETE
291,0.5160064134868905,2659452.0,2.38428160349528,0.75,896,Conv,Hardswish,32,2,2,Conv,ReLU,5.0,128,1,1,,,,,,,InvertedResidualv2,,,,1,2,32.0,5.0,,,,,DWConv,ReLU,5.0,224.0,5,2,,,,,,,InvertedResidualv3,,5.0,,2,1.0,,,16.0,0.0,0.0,1.1,Conv,ReLU,3.0,272.0,1,1,,,,,,,Conv,Hardswish,3.0,896.0,3,2,,,,,,,0.5,COMPLETE
293,0.5103314509432729,706732.0,2.4320682525634765,0.5,640,DWConv,ReLU,32,2,2,InvertedResidualv2,,,128,1,1,16.0,2.0,,,,,Conv,ReLU,5.0,16.0,1,2,,,,,,,DWConv,ReLU,5.0,224.0,5,2,,,,,,,InvertedResidualv3,,5.0,,2,1.0,,,64.0,0.0,0.0,4.2,Conv,ReLU,1.0,352.0,1,1,,,,,,,InvertedResidualv2,,,,3,2,112.0,4.0,,,,,0.75,COMPLETE
294,0.5181280371758755,755772.0,3.2357738971710206,0.5,1024,DWConv,Hardswish,32,2,2,InvertedResidualv2,,,128,1,1,16.0,3.0,,,,,Conv,ReLU,5.0,64.0,1,2,,,,,,,DWConv,ReLU,3.0,240.0,1,2,,,,,,,InvertedResidualv3,,5.0,,2,1.0,,,16.0,0.0,0.0,4.800000000000001,InvertedResidualv2,,,,1,1,16.0,8.0,,,,,InvertedResidualv3,,5.0,,3,2,,,152.0,0.0,1.0,2.6,1.0,COMPLETE
297,0.5603039216024549,299532.0,3.3619285265604657,0.75,768,DWConv,ReLU,32,1,1,InvertedResidualv2,,,128,1,2,16.0,4.0,,,,,Pass,,,,1,2,,,,,,,DWConv,ReLU,3.0,224.0,5,2,,,,,,,InvertedResidualv3,,5.0,,5,1.0,,,80.0,0.0,0.0,1.2,Pass,,,,1,1,,,,,,,InvertedResidualv3,,5.0,,3,2,,,88.0,1.0,0.0,1.8,1.0,COMPLETE
299,0.5072909544430865,972292.0,1.840334939956665,0.5,640,DWConv,Hardswish,32,2,1,InvertedResidualv2,,,128,1,2,16.0,3.0,,,,,Pass,,,,1,1,,,,,,,DWConv,ReLU,1.0,240.0,4,2,,,,,,,InvertedResidualv3,,5.0,,2,1.0,,,16.0,0.0,0.0,1.5,InvertedResidualv2,,,,1,1,48.0,3.0,,,,,Conv,Hardswish,1.0,640.0,3,2,,,,,,,1.0,COMPLETE
300,0.5436619690166219,445204.0,2.3689130465189616,0.5,640,DWConv,ReLU,32,2,2,InvertedResidualv2,,,128,1,1,16.0,3.0,,,,,InvertedResidualv2,,,,1,1,24.0,4.0,,,,,DWConv,ReLU,5.0,224.0,5,2,,,,,,,InvertedResidualv3,,5.0,,2,1.0,,,48.0,0.0,0.0,1.1,Pass,,,,1,1,,,,,,,DWConv,ReLU,1.0,512.0,3,2,,,,,,,1.0,COMPLETE
301,0.5237524262815181,168020.0,2.1859050750732423,0.5,640,Conv,ReLU,32,1,1,Conv,ReLU,3.0,128,1,2,,,,,,,Pass,,,,1,1,,,,,,,InvertedResidualv2,,,,5,2,24.0,3.0,,,,,InvertedResidualv3,,5.0,,2,1.0,,,16.0,0.0,0.0,5.3,Pass,,,,1,1,,,,,,,InvertedResidualv2,,,,3,2,32.0,8.0,,,,,1.0,COMPLETE
303,0.5098689758252533,5040548.0,2.7329194863637287,0.75,1024,DWConv,ReLU,32,2,1,InvertedResidualv2,,,128,1,2,16.0,3.0,,,,,DWConv,Hardswish,1.0,32.0,1,1,,,,,,,Conv,ReLU,1.0,208.0,5,2,,,,,,,InvertedResidualv3,,5.0,,2,1.0,,,64.0,0.0,0.0,1.7000000000000002,Pass,,,,1,1,,,,,,,Conv,Hardswish,3.0,896.0,3,2,,,,,,,0.75,COMPLETE
304,0.6025408449566557,272476.0,1.7010005235671997,1.0,640,DWConv,Hardswish,32,2,1,InvertedResidualv2,,,128,1,2,16.0,4.0,,,,,Pass,,,,1,1,,,,,,,DWConv,ReLU,5.0,256.0,2,2,,,,,,,InvertedResidualv3,,5.0,,2,1.0,,,16.0,0.0,0.0,3.0,Pass,,,,1,1,,,,,,,Pass,,,,3,2,,,,,,,1.0,COMPLETE
305,0.5356483628892372,45772.0,1.8040810585021974,1.0,640,DWConv,Hardswish,16,1,1,InvertedResidualv2,,,128,1,2,16.0,4.0,,,,,Pass,,,,3,2,,,,,,,DWConv,ReLU,5.0,256.0,2,2,,,,,,,InvertedResidualv3,,5.0,,4,1.0,,,16.0,0.0,0.0,1.0,Pass,,,,4,1,,,,,,,Pass,,,,3,2,,,,,,,1.0,COMPLETE
306,0.5437012773089701,251940.0,2.240716807047526,1.0,640,DWConv,Hardswish,16,1,1,InvertedResidualv2,,,128,1,2,16.0,3.0,,,,,Pass,,,,1,2,,,,,,,DWConv,ReLU,5.0,240.0,2,2,,,,,,,InvertedResidualv3,,5.0,,4,1.0,,,16.0,0.0,0.0,3.1,Pass,,,,1,1,,,,,,,Pass,,,,3,2,,,,,,,1.0,COMPLETE
307,0.5632023915493064,301268.0,2.3047530174255373,1.0,768,DWConv,Hardswish,16,1,1,InvertedResidualv2,,,128,1,2,16.0,4.0,,,,,Pass,,,,3,2,,,,,,,DWConv,ReLU,5.0,256.0,2,2,,,,,,,InvertedResidualv3,,5.0,,4,1.0,,,16.0,0.0,0.0,3.3000000000000003,Pass,,,,1,1,,,,,,,Pass,,,,3,2,,,,,,,1.0,COMPLETE
308,0.544704327254787,125924.0,2.652439483006795,1.0,640,DWConv,Hardswish,16,1,1,InvertedResidualv2,,,128,1,2,16.0,3.0,,,,,Pass,,,,1,2,,,,,,,DWConv,ReLU,5.0,240.0,2,2,,,,,,,InvertedResidualv3,,5.0,,5,1.0,,,16.0,0.0,0.0,1.3,Pass,,,,1,1,,,,,,,Pass,,,,3,2,,,,,,,1.0,COMPLETE
309,0.5724617741963142,346892.0,2.242092816034953,1.0,640,DWConv,ReLU,16,1,1,InvertedResidualv2,,,128,1,2,16.0,4.0,,,,,Pass,,,,1,2,,,,,,,DWConv,ReLU,5.0,224.0,2,2,,,,,,,InvertedResidualv3,,5.0,,4,1.0,,,16.0,0.0,0.0,5.0,Pass,,,,1,1,,,,,,,Pass,,,,3,2,,,,,,,1.0,COMPLETE
310,0.5713904999234481,250596.0,1.598811721801758,0.5,640,DWConv,Hardswish,16,1,1,InvertedResidualv2,,,128,1,2,16.0,3.0,,,,,Pass,,,,1,2,,,,,,,DWConv,ReLU,3.0,256.0,5,2,,,,,,,InvertedResidualv3,,5.0,,5,1.0,,,16.0,0.0,0.0,2.9000000000000004,Pass,,,,4,1,,,,,,,Pass,,,,3,2,,,,,,,1.0,COMPLETE
311,0.5717573190384667,272012.0,1.8083968003590902,0.5,640,DWConv,ReLU,32,1,1,InvertedResidualv3,,5.0,128,1,2,,,40.0,0.0,0.0,4.7,Pass,,,,1,2,,,,,,,DWConv,ReLU,3.0,224.0,5,2,,,,,,,InvertedResidualv3,,5.0,,4,1.0,,,16.0,0.0,0.0,3.7,Pass,,,,1,1,,,,,,,Pass,,,,3,2,,,,,,,1.0,COMPLETE
313,0.5527355307932551,248300.0,2.9166933218638103,0.5,384,DWConv,ReLU,32,1,1,InvertedResidualv2,,,128,1,2,16.0,4.0,,,,,Conv,ReLU,1.0,112.0,2,1,,,,,,,InvertedResidualv3,,5.0,,5,2,,,72.0,0.0,1.0,3.2,InvertedResidualv3,,5.0,,2,1.0,,,32.0,0.0,0.0,1.6,Pass,,,,1,1,,,,,,,Pass,,,,3,2,,,,,,,1.0,COMPLETE
314,0.5868233248002958,253444.0,1.6332821369171142,1.0,896,DWConv,ReLU,32,1,1,InvertedResidualv2,,,128,1,2,16.0,3.0,,,,,Pass,,,,1,1,,,,,,,DWConv,ReLU,3.0,208.0,2,2,,,,,,,InvertedResidualv3,,5.0,,2,1.0,,,16.0,0.0,0.0,4.1,Pass,,,,4,1,,,,,,,Pass,,,,3,2,,,,,,,1.0,COMPLETE
315,0.5615764164291349,108612.0,1.2909205357233684,0.5,768,DWConv,Hardswish,16,1,1,InvertedResidualv2,,,128,1,2,16.0,2.0,,,,,Pass,,,,1,1,,,,,,,DWConv,ReLU,5.0,240.0,5,2,,,,,,,InvertedResidualv3,,5.0,,2,1.0,,,16.0,0.0,0.0,1.1,Pass,,,,1,1,,,,,,,Pass,,,,3,2,,,,,,,1.0,COMPLETE
316,0.512915441933335,414268.0,1.6936277310053507,0.5,640,DWConv,ReLU,32,1,1,InvertedResidualv2,,,128,1,2,16.0,3.0,,,,,Pass,,,,1,2,,,,,,,InvertedResidualv2,,,,5,2,56.0,6.0,,,,,Conv,Hardswish,3.0,144.0,5,1.0,,,,,,,Pass,,,,1,1,,,,,,,Pass,,,,3,2,,,,,,,1.0,COMPLETE
317,0.5248610714079764,317876.0,1.8515904108683268,0.5,384,DWConv,ReLU,32,1,1,InvertedResidualv2,,,128,1,2,16.0,3.0,,,,,Pass,,,,1,1,,,,,,,Conv,ReLU,1.0,240.0,5,2,,,,,,,InvertedResidualv3,,5.0,,2,1.0,,,80.0,0.0,0.0,1.5,DWConv,ReLU,1.0,304.0,4,1,,,,,,,Pass,,,,1,2,,,,,,,1.0,COMPLETE
318,0.5617900422715426,244068.0,2.0959935983022056,0.75,128,DWConv,ReLU,16,1,1,Conv,Hardswish,3.0,128,1,2,,,,,,,Pass,,,,1,1,,,,,,,DWConv,ReLU,3.0,128.0,5,2,,,,,,,InvertedResidualv3,,5.0,,3,1.0,,,48.0,0.0,0.0,5.7,Pass,,,,1,1,,,,,,,DWConv,Hardswish,1.0,256.0,3,2,,,,,,,1.0,COMPLETE
319,0.5272122343544002,914924.0,2.2129984219868977,0.5,640,Conv,ReLU,32,1,1,InvertedResidualv2,,,128,1,2,16.0,3.0,,,,,Pass,,,,1,1,,,,,,,DWConv,ReLU,5.0,256.0,2,2,,,,,,,DWConv,ReLU,1.0,16.0,4,1.0,,,,,,,Conv,Hardswish,3.0,480.0,1,1,,,,,,,InvertedResidualv2,,,,3,2,48.0,3.0,,,,,1.0,COMPLETE
321,0.548225537583284,108332.0,2.003206404050191,0.5,640,DWConv,ReLU,64,1,1,InvertedResidualv2,,,96,1,2,16.0,4.0,,,,,Conv,Hardswish,5.0,48.0,1,2,,,,,,,DWConv,ReLU,3.0,224.0,5,2,,,,,,,InvertedResidualv3,,5.0,,3,1.0,,,32.0,0.0,0.0,4.5,Pass,,,,4,1,,,,,,,Pass,,,,3,2,,,,,,,0.5,COMPLETE
322,0.5678551046601595,160916.0,1.6368341286977133,0.5,384,DWConv,ReLU,32,2,1,InvertedResidualv2,,,128,1,1,16.0,2.0,,,,,Pass,,,,1,1,,,,,,,DWConv,ReLU,5.0,240.0,5,2,,,,,,,InvertedResidualv3,,5.0,,2,1.0,,,16.0,0.0,0.0,1.3,InvertedResidualv2,,,,1,1,96.0,7.0,,,,,Pass,,,,3,2,,,,,,,1.0,COMPLETE
323,0.531594623116424,53556.0,3.387933890024821,0.5,640,DWConv,ReLU,32,1,1,InvertedResidualv2,,,128,1,2,16.0,3.0,,,,,DWConv,ReLU,1.0,112.0,2,1,,,,,,,InvertedResidualv3,,3.0,,5,2,,,16.0,1.0,0.0,1.6,InvertedResidualv3,,5.0,,5,1.0,,,16.0,1.0,1.0,1.8,Pass,,,,2,1,,,,,,,Pass,,,,3,2,,,,,,,1.0,COMPLETE
325,0.5624255314553518,390316.0,1.8045589367548625,0.5,384,DWConv,Hardswish,32,2,1,InvertedResidualv2,,,128,1,2,16.0,3.0,,,,,InvertedResidualv2,,,,1,1,16.0,7.0,,,,,Conv,ReLU,3.0,192.0,5,2,,,,,,,InvertedResidualv3,,5.0,,4,1.0,,,16.0,0.0,0.0,1.0,Pass,,,,4,1,,,,,,,Pass,,,,3,2,,,,,,,1.0,COMPLETE
326,0.501837873223972,157836.0,2.0589333216349286,1.0,640,DWConv,ReLU,64,1,1,InvertedResidualv2,,,128,1,2,16.0,3.0,,,,,Pass,,,,1,2,,,,,,,InvertedResidualv2,,,,1,2,48.0,7.0,,,,,InvertedResidualv3,,5.0,,2,1.0,,,16.0,0.0,0.0,1.2,Pass,,,,1,1,,,,,,,Conv,ReLU,1.0,128.0,3,2,,,,,,,1.0,COMPLETE
328,0.5184930668218483,73196.0,2.1962069034576417,0.5,640,DWConv,ReLU,16,2,1,InvertedResidualv2,,,96,3,2,32.0,4.0,,,,,Pass,,,,1,1,,,,,,,DWConv,Hardswish,1.0,176.0,5,2,,,,,,,DWConv,ReLU,1.0,80.0,3,1.0,,,,,,,Pass,,,,1,1,,,,,,,Pass,,,,1,2,,,,,,,1.0,COMPLETE
329,0.541577271385706,96756.0,1.4400831937789917,0.5,128,Conv,Hardswish,32,2,1,InvertedResidualv3,,5.0,128,1,2,,,24.0,0.0,0.0,2.4000000000000004,Pass,,,,1,1,,,,,,,DWConv,ReLU,3.0,224.0,5,2,,,,,,,InvertedResidualv3,,5.0,,2,1.0,,,32.0,0.0,0.0,3.3000000000000003,Pass,,,,1,1,,,,,,,DWConv,Hardswish,3.0,768.0,3,2,,,,,,,0.5,COMPLETE
330,0.5558303187417045,425468.0,2.0877952098846437,0.5,640,DWConv,ReLU,48,1,1,InvertedResidualv2,,,96,3,2,16.0,3.0,,,,,Pass,,,,1,1,,,,,,,DWConv,Hardswish,5.0,240.0,5,2,,,,,,,InvertedResidualv3,,5.0,,3,1.0,,,16.0,0.0,0.0,1.5,DWConv,ReLU,1.0,448.0,4,1,,,,,,,Pass,,,,3,2,,,,,,,1.0,COMPLETE
333,0.5634748546021968,71252.0,1.7764352003733317,0.5,640,DWConv,ReLU,32,2,1,InvertedResidualv2,,,128,3,1,16.0,2.0,,,,,Pass,,,,1,1,,,,,,,DWConv,ReLU,5.0,112.0,5,2,,,,,,,InvertedResidualv3,,5.0,,1,1.0,,,64.0,0.0,0.0,2.3,Pass,,,,2,1,,,,,,,Pass,,,,3,2,,,,,,,0.75,COMPLETE
334,0.5306203650086189,92140.0,2.401418654123942,0.5,640,Conv,Hardswish,16,2,1,InvertedResidualv2,,,128,3,1,32.0,2.0,,,,,DWConv,ReLU,5.0,80.0,2,1,,,,,,,DWConv,ReLU,5.0,128.0,1,2,,,,,,,InvertedResidualv3,,5.0,,1,1.0,,,80.0,0.0,0.0,2.3,Pass,,,,2,1,,,,,,,Pass,,,,3,2,,,,,,,0.75,COMPLETE
338,0.519271730140035,377444.0,1.8702442566553752,0.5,640,DWConv,ReLU,64,1,2,InvertedResidualv2,,,128,3,2,16.0,1.0,,,,,InvertedResidualv3,,3.0,,1,1,,,24.0,0.0,0.0,2.7,DWConv,ReLU,3.0,256.0,5,2,,,,,,,InvertedResidualv3,,5.0,,2,1.0,,,48.0,0.0,0.0,3.8000000000000003,Pass,,,,1,1,,,,,,,Pass,,,,3,2,,,,,,,1.0,COMPLETE
339,0.5354833623296577,83012.0,1.4336021423339844,0.5,640,Conv,Hardswish,48,2,1,InvertedResidualv2,,,128,1,2,32.0,2.0,,,,,Pass,,,,3,1,,,,,,,DWConv,Hardswish,5.0,112.0,5,2,,,,,,,InvertedResidualv2,,,,1,1.0,128.0,7.0,,,,,Pass,,,,1,1,,,,,,,Pass,,,,3,2,,,,,,,0.5,COMPLETE
340,0.5502019518478211,257668.0,1.8731029351552329,0.75,640,DWConv,ReLU,32,2,1,InvertedResidualv3,,5.0,128,1,2,,,16.0,0.0,1.0,1.6,Pass,,,,1,2,,,,,,,DWConv,ReLU,3.0,240.0,3,2,,,,,,,InvertedResidualv3,,5.0,,1,1.0,,,16.0,0.0,0.0,1.1,DWConv,ReLU,1.0,256.0,2,1,,,,,,,Pass,,,,3,2,,,,,,,1.0,COMPLETE
342,0.5205172654858057,1186516.0,1.9409621079762778,0.5,640,DWConv,ReLU,32,2,1,Pass,,,48,2,1,,,,,,,Conv,Hardswish,1.0,128.0,2,1,,,,,,,DWConv,ReLU,1.0,256.0,5,2,,,,,,,InvertedResidualv3,,5.0,,2,1.0,,,16.0,1.0,1.0,4.9,InvertedResidualv2,,,,3,1,16.0,1.0,,,,,Pass,,,,3,2,,,,,,,1.0,COMPLETE
343,0.5376220346592667,1185660.0,4.036127996444702,1.0,640,DWConv,Hardswish,32,3,1,InvertedResidualv2,,,128,1,2,16.0,4.0,,,,,Pass,,,,1,1,,,,,,,DWConv,Hardswish,5.0,144.0,5,2,,,,,,,InvertedResidualv3,,5.0,,4,1.0,,,16.0,0.0,0.0,1.6,Conv,Hardswish,3.0,208.0,1,1,,,,,,,InvertedResidualv2,,,,3,2,128.0,7.0,,,,,1.0,COMPLETE
344,0.5188223316908214,254668.0,2.4433322588602704,0.5,640,Conv,ReLU,48,2,2,DWConv,Hardswish,3.0,128,5,2,,,,,,,Pass,,,,1,1,,,,,,,InvertedResidualv2,,,,5,2,32.0,6.0,,,,,InvertedResidualv3,,5.0,,1,1.0,,,32.0,0.0,0.0,1.0,Pass,,,,1,1,,,,,,,InvertedResidualv3,,5.0,,2,2,,,80.0,0.0,1.0,5.6000000000000005,1.0,COMPLETE
345,0.5280131766541657,1057780.0,2.2948522726694742,0.5,640,DWConv,ReLU,32,3,1,InvertedResidualv2,,,128,3,2,16.0,2.0,,,,,DWConv,Hardswish,3.0,96.0,1,2,,,,,,,Conv,ReLU,5.0,224.0,5,2,,,,,,,DWConv,Hardswish,3.0,96.0,2,1.0,,,,,,,Pass,,,,1,1,,,,,,,Pass,,,,3,2,,,,,,,0.75,COMPLETE
346,0.5156815479768176,198540.0,1.6023573398590087,0.5,640,DWConv,ReLU,64,1,1,Conv,ReLU,1.0,96,1,2,,,,,,,Pass,,,,1,1,,,,,,,DWConv,ReLU,1.0,80.0,1,2,,,,,,,InvertedResidualv3,,5.0,,3,1.0,,,80.0,0.0,0.0,4.4,Pass,,,,2,1,,,,,,,Pass,,,,3,2,,,,,,,1.0,COMPLETE
347,0.5133224714877834,121388.0,2.017143448193868,0.75,640,DWConv,Hardswish,32,2,1,Pass,,,112,1,1,,,,,,,Pass,,,,1,1,,,,,,,DWConv,Hardswish,3.0,48.0,5,2,,,,,,,InvertedResidualv3,,5.0,,1,1.0,,,64.0,1.0,1.0,5.5,Pass,,,,1,1,,,,,,,Pass,,,,3,2,,,,,,,1.0,COMPLETE
348,0.5255361757991591,162556.0,2.3089834531148274,0.5,640,DWConv,ReLU,32,3,1,InvertedResidualv2,,,128,1,2,32.0,3.0,,,,,InvertedResidualv2,,,,1,1,24.0,1.0,,,,,DWConv,ReLU,1.0,240.0,5,2,,,,,,,InvertedResidualv2,,,,2,1.0,112.0,6.0,,,,,InvertedResidualv3,,5.0,,1,1,,,96.0,0.0,0.0,1.0,Pass,,,,3,1,,,,,,,0.5,COMPLETE
349,0.5222574715365028,613036.0,2.7140735626220702,1.0,640,Conv,ReLU,48,2,1,InvertedResidualv2,,,128,3,2,16.0,2.0,,,,,Pass,,,,1,2,,,,,,,DWConv,Hardswish,5.0,96.0,4,2,,,,,,,InvertedResidualv3,,5.0,,1,1.0,,,16.0,0.0,0.0,1.2,Pass,,,,3,1,,,,,,,Conv,ReLU,1.0,384.0,3,2,,,,,,,1.0,COMPLETE
350,0.5320487677375773,102228.0,2.6981717427571614,0.5,640,DWConv,ReLU,16,1,1,InvertedResidualv2,,,96,1,2,16.0,3.0,,,,,InvertedResidualv3,,3.0,,1,1,,,32.0,1.0,1.0,2.0,InvertedResidualv3,,3.0,,5,2,,,72.0,1.0,0.0,2.8,InvertedResidualv3,,5.0,,1,1.0,,,48.0,0.0,0.0,1.8,Pass,,,,1,1,,,,,,,Pass,,,,3,2,,,,,,,1.0,COMPLETE
352,0.5576307565336277,136452.0,2.5363861242930095,0.5,640,DWConv,Hardswish,32,2,1,InvertedResidualv3,,5.0,128,3,2,,,40.0,1.0,0.0,2.5,Conv,ReLU,1.0,48.0,1,1,,,,,,,DWConv,ReLU,5.0,256.0,3,2,,,,,,,Conv,ReLU,1.0,32.0,2,1.0,,,,,,,DWConv,ReLU,3.0,112.0,1,1,,,,,,,Pass,,,,3,1,,,,,,,1.0,COMPLETE
353,0.5105866247785181,323292.0,3.2025941371917725,1.0,640,DWConv,ReLU,32,3,1,InvertedResidualv2,,,128,1,1,32.0,1.0,,,,,Pass,,,,1,1,,,,,,,InvertedResidualv2,,,,5,2,40.0,8.0,,,,,DWConv,Hardswish,3.0,112.0,3,1.0,,,,,,,InvertedResidualv2,,,,1,1,80.0,5.0,,,,,Pass,,,,5,2,,,,,,,1.0,COMPLETE
354,0.5029867367338585,246340.0,4.444974931081136,0.75,256,DWConv,ReLU,16,1,1,DWConv,Hardswish,3.0,128,5,2,,,,,,,Pass,,,,1,2,,,,,,,Conv,Hardswish,3.0,32.0,5,2,,,,,,,InvertedResidualv3,,5.0,,5,1.0,,,16.0,1.0,1.0,2.0,Pass,,,,2,1,,,,,,,DWConv,Hardswish,5.0,512.0,2,2,,,,,,,1.0,COMPLETE
355,0.5257831439272279,1099300.0,2.496300792694092,0.5,128,Conv,ReLU,48,3,1,InvertedResidualv2,,,128,2,2,16.0,4.0,,,,,Pass,,,,2,1,,,,,,,DWConv,ReLU,5.0,112.0,5,2,,,,,,,InvertedResidualv3,,5.0,,1,1.0,,,16.0,0.0,0.0,1.1,Conv,Hardswish,1.0,496.0,3,1,,,,,,,InvertedResidualv2,,,,3,1,80.0,5.0,,,,,0.75,COMPLETE
356,0.5159894898174312,24380.0,2.5741375923156737,0.5,640,DWConv,Hardswish,32,2,1,Pass,,,96,4,2,,,,,,,DWConv,Hardswish,5.0,64.0,1,1,,,,,,,DWConv,ReLU,3.0,224.0,1,2,,,,,,,InvertedResidualv2,,,,2,1.0,16.0,1.0,,,,,Pass,,,,1,1,,,,,,,InvertedResidualv3,,3.0,,3,2,,,8.0,1.0,1.0,1.1,1.0,COMPLETE
357,0.5045287249699484,31436.0,1.2347391923268636,0.5,640,DWConv,ReLU,32,1,2,InvertedResidualv2,,,128,1,2,16.0,3.0,,,,,Pass,,,,3,1,,,,,,,DWConv,Hardswish,3.0,128.0,5,2,,,,,,,InvertedResidualv3,,5.0,,1,1.0,,,16.0,0.0,0.0,3.5,Pass,,,,1,1,,,,,,,Pass,,,,3,2,,,,,,,0.5,COMPLETE
358,0.5572663031054297,180900.0,1.6675520102183023,0.5,640,DWConv,ReLU,48,2,1,Conv,ReLU,1.0,128,1,2,,,,,,,Pass,,,,1,2,,,,,,,DWConv,ReLU,5.0,176.0,5,2,,,,,,,InvertedResidualv3,,5.0,,4,1.0,,,32.0,0.0,0.0,2.4000000000000004,Pass,,,,1,1,,,,,,,Pass,,,,3,1,,,,,,,1.0,COMPLETE
360,0.537911366905066,645148.0,2.899562644958496,0.5,640,DWConv,ReLU,16,3,1,InvertedResidualv2,,,112,1,2,32.0,3.0,,,,,InvertedResidualv2,,,,5,1,32.0,4.0,,,,,DWConv,ReLU,1.0,208.0,5,2,,,,,,,InvertedResidualv3,,5.0,,2,1.0,,,48.0,1.0,1.0,4.0,Pass,,,,2,1,,,,,,,Pass,,,,5,2,,,,,,,1.0,COMPLETE
361,0.5352999401402501,961028.0,1.4826069434483846,0.75,640,DWConv,Hardswish,32,2,1,Pass,,,96,1,2,,,,,,,Conv,ReLU,1.0,16.0,1,1,,,,,,,DWConv,Hardswish,5.0,240.0,4,2,,,,,,,InvertedResidualv3,,5.0,,1,1.0,,,16.0,0.0,0.0,1.5,Pass,,,,1,1,,,,,,,Conv,ReLU,1.0,640.0,3,2,,,,,,,1.0,COMPLETE
362,0.5064930831984898,77964.0,2.2409130573272704,0.5,768,DWConv,ReLU,64,2,1,InvertedResidualv2,,,128,3,2,16.0,4.0,,,,,InvertedResidualv3,,3.0,,1,2,,,8.0,0.0,0.0,1.3,InvertedResidualv2,,,,5,2,16.0,5.0,,,,,DWConv,Hardswish,1.0,48.0,3,1.0,,,,,,,Pass,,,,1,1,,,,,,,Pass,,,,4,1,,,,,,,1.0,COMPLETE
364,0.5400272398410838,1109468.0,1.86408531665802,0.5,640,Conv,ReLU,32,3,1,InvertedResidualv2,,,128,1,1,16.0,2.0,,,,,Pass,,,,1,1,,,,,,,Conv,ReLU,5.0,256.0,5,2,,,,,,,InvertedResidualv3,,5.0,,3,1.0,,,64.0,0.0,0.0,1.3,Pass,,,,5,2,,,,,,,Pass,,,,3,2,,,,,,,0.75,COMPLETE
365,0.5647119163982932,869436.0,2.5526933511098227,1.0,640,DWConv,Hardswish,48,3,1,Pass,,,96,1,2,,,,,,,Pass,,,,1,1,,,,,,,DWConv,Hardswish,3.0,224.0,5,2,,,,,,,InvertedResidualv3,,5.0,,1,1.0,,,16.0,1.0,1.0,2.6,InvertedResidualv2,,,,1,1,128.0,8.0,,,,,DWConv,Hardswish,3.0,768.0,1,1,,,,,,,1.0,COMPLETE
367,0.5262425732480219,91324.0,1.5973717371622722,0.25,640,DWConv,ReLU,16,1,1,InvertedResidualv2,,,128,1,2,16.0,3.0,,,,,DWConv,Hardswish,5.0,112.0,2,2,,,,,,,DWConv,ReLU,5.0,80.0,5,1,,,,,,,InvertedResidualv3,,5.0,,1,2.0,,,16.0,0.0,0.0,1.0,Conv,Hardswish,3.0,80.0,1,2,,,,,,,Pass,,,,3,2,,,,,,,1.0,COMPLETE
368,0.5302511931372603,353612.0,2.4698239962259927,0.5,128,DWConv,ReLU,48,3,1,InvertedResidualv2,,,112,2,2,32.0,1.0,,,,,Pass,,,,3,1,,,,,,,InvertedResidualv3,,3.0,,4,2,,,40.0,0.0,0.0,3.2,Conv,ReLU,3.0,256.0,5,1.0,,,,,,,Pass,,,,1,1,,,,,,,InvertedResidualv3,,5.0,,4,1,,,96.0,1.0,0.0,5.1000000000000005,0.5,COMPLETE
369,0.5281106056259114,82780.0,1.68427521387736,0.75,896,Conv,ReLU,32,2,1,Conv,ReLU,3.0,48,1,2,,,,,,,Pass,,,,1,1,,,,,,,DWConv,Hardswish,3.0,64.0,5,1,,,,,,,InvertedResidualv3,,5.0,,1,1.0,,,16.0,0.0,0.0,4.7,Pass,,,,3,1,,,,,,,Pass,,,,3,2,,,,,,,1.0,COMPLETE
370,0.5732135314552373,211540.0,2.6676565647125243,0.5,256,DWConv,Hardswish,32,3,2,InvertedResidualv2,,,128,4,1,16.0,3.0,,,,,Pass,,,,1,1,,,,,,,DWConv,ReLU,1.0,128.0,1,2,,,,,,,InvertedResidualv3,,5.0,,4,1.0,,,32.0,0.0,0.0,5.1000000000000005,InvertedResidualv3,,5.0,,2,1,,,160.0,1.0,1.0,2.3,Pass,,,,3,2,,,,,,,1.0,COMPLETE
371,0.5058020486900702,270540.0,1.2604757308959962,0.25,640,DWConv,ReLU,32,1,1,Pass,,,128,1,2,,,,,,,Conv,ReLU,1.0,128.0,1,2,,,,,,,InvertedResidualv2,,,,3,1,64.0,4.0,,,,,DWConv,Hardswish,1.0,240.0,2,1.0,,,,,,,Pass,,,,5,2,,,,,,,Pass,,,,5,1,,,,,,,1.0,COMPLETE
372,0.5284334947027342,140300.0,3.8535146554311117,1.0,640,DWConv,ReLU,64,2,1,InvertedResidualv2,,,128,3,2,16.0,4.0,,,,,InvertedResidualv2,,,,1,1,24.0,5.0,,,,,DWConv,ReLU,5.0,48.0,5,2,,,,,,,InvertedResidualv3,,5.0,,2,2.0,,,80.0,1.0,1.0,1.4,Pass,,,,1,1,,,,,,,Pass,,,,3,2,,,,,,,1.0,COMPLETE
374,0.5349738533360276,1146300.0,1.6133439938227336,0.25,1024,Conv,Hardswish,32,2,1,Pass,,,128,3,2,,,,,,,InvertedResidualv3,,3.0,,1,1,,,40.0,1.0,0.0,6.0,DWConv,ReLU,3.0,256.0,5,2,,,,,,,InvertedResidualv2,,,,3,1.0,128.0,8.0,,,,,Pass,,,,1,2,,,,,,,Conv,ReLU,1.0,256.0,3,2,,,,,,,1.0,COMPLETE
375,0.517786475871955,114212.0,2.0302528063456218,0.5,640,DWConv,ReLU,48,3,1,InvertedResidualv3,,5.0,128,1,1,,,24.0,0.0,0.0,4.0,Pass,,,,1,1,,,,,,,DWConv,ReLU,1.0,192.0,5,1,,,,,,,InvertedResidualv3,,5.0,,1,1.0,,,16.0,0.0,0.0,1.6,InvertedResidualv2,,,,3,1,64.0,4.0,,,,,Pass,,,,2,1,,,,,,,0.75,COMPLETE
376,0.5050122580673407,404060.0,1.3341418663660685,0.5,640,DWConv,ReLU,32,2,2,InvertedResidualv2,,,64,1,2,32.0,3.0,,,,,Pass,,,,5,2,,,,,,,DWConv,Hardswish,5.0,224.0,5,2,,,,,,,InvertedResidualv3,,5.0,,2,1.0,,,16.0,0.0,0.0,1.8,DWConv,ReLU,3.0,416.0,1,1,,,,,,,Pass,,,,3,2,,,,,,,1.0,COMPLETE
378,0.5394625633658477,446660.0,4.0473919868469235,0.5,640,DWConv,ReLU,32,3,1,InvertedResidualv2,,,128,3,2,16.0,2.0,,,,,DWConv,Hardswish,5.0,80.0,1,1,,,,,,,InvertedResidualv3,,3.0,,3,2,,,48.0,1.0,1.0,2.9000000000000004,InvertedResidualv3,,5.0,,1,1.0,,,16.0,1.0,1.0,2.9000000000000004,Pass,,,,1,1,,,,,,,InvertedResidualv2,,,,4,1,160.0,4.0,,,,,1.0,COMPLETE
380,0.5183728664303143,72356.0,2.1806442737579346,0.75,640,DWConv,ReLU,64,2,1,Pass,,,96,1,2,,,,,,,Pass,,,,2,2,,,,,,,InvertedResidualv2,,,,5,2,8.0,7.0,,,,,InvertedResidualv3,,5.0,,1,1.0,,,32.0,0.0,0.0,1.9,Pass,,,,2,2,,,,,,,Pass,,,,3,2,,,,,,,1.0,COMPLETE
382,0.5062442344382535,129380.0,1.0264575958251954,0.25,768,DWConv,ReLU,32,1,2,InvertedResidualv2,,,128,2,2,16.0,1.0,,,,,Pass,,,,1,1,,,,,,,DWConv,ReLU,3.0,208.0,4,2,,,,,,,InvertedResidualv3,,5.0,,2,2.0,,,64.0,0.0,0.0,1.1,Pass,,,,5,1,,,,,,,Pass,,,,3,1,,,,,,,1.0,COMPLETE
384,0.5140979562170681,4513836.0,1.6118421316146851,0.5,640,Conv,ReLU,32,2,1,Pass,,,128,1,2,,,,,,,Pass,,,,1,1,,,,,,,DWConv,ReLU,5.0,112.0,5,2,,,,,,,InvertedResidualv3,,5.0,,2,1.0,,,16.0,0.0,0.0,1.2,Pass,,,,1,1,,,,,,,Conv,ReLU,3.0,896.0,3,2,,,,,,,0.75,COMPLETE
385,0.5327138050847888,394740.0,1.7525503953297934,0.25,256,DWConv,ReLU,48,3,1,InvertedResidualv2,,,128,5,2,32.0,3.0,,,,,InvertedResidualv3,,3.0,,2,2,,,8.0,0.0,1.0,4.800000000000001,DWConv,ReLU,1.0,256.0,5,2,,,,,,,InvertedResidualv2,,,,3,1.0,64.0,4.0,,,,,Pass,,,,4,1,,,,,,,Pass,,,,3,1,,,,,,,1.0,COMPLETE
386,0.5057159963056067,562540.0,3.2853951930999754,0.5,640,DWConv,ReLU,32,2,1,InvertedResidualv3,,5.0,128,4,1,,,40.0,1.0,1.0,1.4,Pass,,,,4,1,,,,,,,DWConv,Hardswish,3.0,224.0,1,1,,,,,,,InvertedResidualv3,,5.0,,1,1.0,,,32.0,1.0,1.0,3.4000000000000004,InvertedResidualv2,,,,1,1,32.0,1.0,,,,,Pass,,,,3,2,,,,,,,1.0,COMPLETE
388,0.501099086350674,487268.0,3.0184128125508627,0.5,640,DWConv,Hardswish,64,2,2,DWConv,Hardswish,1.0,96,3,2,,,,,,,Pass,,,,1,1,,,,,,,DWConv,ReLU,5.0,240.0,5,1,,,,,,,InvertedResidualv3,,5.0,,1,1.0,,,48.0,0.0,0.0,1.7000000000000002,DWConv,ReLU,3.0,16.0,1,1,,,,,,,DWConv,Hardswish,1.0,512.0,3,2,,,,,,,1.0,COMPLETE
389,0.535516314824921,92940.0,1.1640149275461833,0.25,128,Conv,ReLU,32,3,1,InvertedResidualv2,,,112,1,2,16.0,2.0,,,,,DWConv,Hardswish,5.0,96.0,5,2,,,,,,,InvertedResidualv2,,,,5,2,32.0,1.0,,,,,Conv,ReLU,3.0,192.0,2,2.0,,,,,,,Pass,,,,1,1,,,,,,,Pass,,,,3,1,,,,,,,1.0,COMPLETE
391,0.5480250045791241,3411036.0,2.513164822260539,0.5,640,DWConv,ReLU,32,3,1,InvertedResidualv2,,,128,1,2,16.0,4.0,,,,,Conv,ReLU,1.0,64.0,1,1,,,,,,,Conv,Hardswish,5.0,256.0,3,2,,,,,,,Pass,,,,1,,,,,,,,Conv,Hardswish,1.0,448.0,5,1,,,,,,,InvertedResidualv3,,5.0,,4,2,,,144.0,1.0,0.0,2.9000000000000004,1.0,COMPLETE
393,0.5525867166697647,34676.0,1.8337770541508993,0.5,256,DWConv,ReLU,32,1,1,InvertedResidualv2,,,128,4,2,32.0,3.0,,,,,Pass,,,,1,1,,,,,,,DWConv,ReLU,5.0,144.0,5,2,,,,,,,DWConv,Hardswish,3.0,64.0,1,1.0,,,,,,,Pass,,,,3,1,,,,,,,Pass,,,,5,2,,,,,,,0.75,COMPLETE
394,0.558002637881622,49076.0,1.6819519837697348,0.5,256,DWConv,ReLU,32,1,1,InvertedResidualv2,,,128,4,2,32.0,3.0,,,,,Pass,,,,1,1,,,,,,,DWConv,ReLU,5.0,240.0,4,2,,,,,,,DWConv,Hardswish,3.0,64.0,2,1.0,,,,,,,Pass,,,,4,1,,,,,,,Pass,,,,5,1,,,,,,,0.75,COMPLETE
395,0.5523804654870966,49076.0,1.6773866573969523,0.5,256,DWConv,ReLU,32,2,1,InvertedResidualv2,,,80,4,2,32.0,3.0,,,,,Pass,,,,1,1,,,,,,,DWConv,ReLU,5.0,240.0,4,2,,,,,,,DWConv,Hardswish,3.0,64.0,2,1.0,,,,,,,Pass,,,,4,1,,,,,,,Pass,,,,5,1,,,,,,,0.75,COMPLETE
400,0.5104810831643186,443564.0,3.2022527853647866,0.5,640,DWConv,ReLU,32,2,1,InvertedResidualv3,,5.0,64,4,1,,,32.0,1.0,0.0,5.800000000000001,Pass,,,,1,1,,,,,,,DWConv,ReLU,5.0,240.0,5,1,,,,,,,InvertedResidualv3,,5.0,,2,1.0,,,16.0,1.0,1.0,1.3,InvertedResidualv2,,,,4,2,112.0,6.0,,,,,Pass,,,,1,2,,,,,,,1.0,COMPLETE
402,0.515518564414709,110596.0,2.8798314730326333,0.5,640,DWConv,ReLU,32,2,1,DWConv,Hardswish,1.0,80,4,2,,,,,,,DWConv,Hardswish,1.0,32.0,1,1,,,,,,,InvertedResidualv2,,,,5,2,24.0,5.0,,,,,DWConv,Hardswish,3.0,144.0,2,1.0,,,,,,,Pass,,,,4,1,,,,,,,DWConv,Hardswish,1.0,128.0,4,2,,,,,,,1.0,COMPLETE
405,0.5196785071937389,707484.0,3.2628736019134523,0.5,256,DWConv,ReLU,32,2,1,Conv,ReLU,1.0,128,4,2,,,,,,,Pass,,,,3,1,,,,,,,DWConv,ReLU,5.0,224.0,4,1,,,,,,,InvertedResidualv3,,5.0,,2,1.0,,,80.0,0.0,0.0,1.2,InvertedResidualv3,,5.0,,4,1,,,112.0,0.0,0.0,2.1,InvertedResidualv2,,,,3,2,160.0,5.0,,,,,1.0,COMPLETE
407,0.512524801854552,22172.0,1.0444074630737306,0.25,640,DWConv,Hardswish,32,2,1,InvertedResidualv2,,,128,1,1,16.0,3.0,,,,,Pass,,,,1,1,,,,,,,InvertedResidualv3,,5.0,,2,1,,,8.0,0.0,0.0,5.9,Pass,,,,2,,,,,,,,Pass,,,,4,2,,,,,,,Pass,,,,3,1,,,,,,,1.0,COMPLETE
408,0.5482741398411484,76508.0,1.287174399693807,0.5,640,DWConv,ReLU,32,2,1,Pass,,,48,4,2,,,,,,,InvertedResidualv2,,,,1,1,32.0,3.0,,,,,DWConv,ReLU,3.0,160.0,5,2,,,,,,,InvertedResidualv3,,5.0,,2,2.0,,,16.0,0.0,0.0,1.5,Pass,,,,1,1,,,,,,,Pass,,,,3,2,,,,,,,1.0,COMPLETE
409,0.538829749789493,150348.0,1.1818965355555215,0.25,640,DWConv,ReLU,32,2,1,InvertedResidualv2,,,128,5,2,16.0,3.0,,,,,Pass,,,,4,1,,,,,,,DWConv,ReLU,3.0,256.0,5,1,,,,,,,InvertedResidualv2,,,,2,1.0,112.0,5.0,,,,,Pass,,,,1,1,,,,,,,Pass,,,,2,2,,,,,,,0.5,COMPLETE
411,0.5557478089155167,457860.0,2.9506880124409993,1.0,640,Conv,Hardswish,32,2,1,InvertedResidualv3,,3.0,112,1,2,,,16.0,0.0,1.0,4.800000000000001,Pass,,,,1,1,,,,,,,DWConv,Hardswish,1.0,128.0,3,2,,,,,,,Pass,,,,2,,,,,,,,InvertedResidualv2,,,,4,1,96.0,4.0,,,,,Pass,,,,5,1,,,,,,,1.0,COMPLETE
412,0.5320800682268475,379852.0,1.182856527964274,0.5,640,DWConv,ReLU,32,2,1,InvertedResidualv2,,,128,1,1,32.0,3.0,,,,,Pass,,,,1,1,,,,,,,Conv,ReLU,5.0,240.0,1,1,,,,,,,InvertedResidualv3,,5.0,,2,1.0,,,16.0,0.0,0.0,6.0,Pass,,,,1,1,,,,,,,Pass,,,,4,2,,,,,,,0.75,COMPLETE
413,0.520591796494839,113836.0,2.558562151590983,0.75,128,DWConv,ReLU,32,2,1,Pass,,,128,1,2,,,,,,,DWConv,Hardswish,1.0,48.0,1,1,,,,,,,DWConv,ReLU,5.0,176.0,5,2,,,,,,,DWConv,Hardswish,1.0,160.0,2,1.0,,,,,,,DWConv,ReLU,3.0,368.0,1,2,,,,,,,Pass,,,,1,2,,,,,,,1.0,COMPLETE
417,0.5719234249298213,574964.0,1.2819136142730714,0.25,640,DWConv,ReLU,32,2,1,InvertedResidualv2,,,128,1,1,16.0,3.0,,,,,Pass,,,,2,1,,,,,,,DWConv,ReLU,5.0,240.0,4,2,,,,,,,InvertedResidualv3,,5.0,,2,1.0,,,48.0,0.0,0.0,3.7,Conv,Hardswish,3.0,256.0,4,2,,,,,,,Pass,,,,5,2,,,,,,,1.0,COMPLETE
418,0.5525217000785388,207996.0,6.724942938486735,1.0,640,DWConv,ReLU,32,2,1,Pass,,,64,1,2,,,,,,,Pass,,,,1,1,,,,,,,InvertedResidualv3,,3.0,,5,1,,,80.0,1.0,1.0,4.0,InvertedResidualv3,,5.0,,2,1.0,,,16.0,1.0,1.0,2.7,Pass,,,,1,1,,,,,,,InvertedResidualv3,,5.0,,2,1,,,104.0,1.0,0.0,5.800000000000001,0.5,COMPLETE
421,0.5152489080324395,107044.0,2.1491072177886963,0.75,256,Conv,ReLU,32,2,1,InvertedResidualv2,,,128,1,2,32.0,2.0,,,,,Pass,,,,3,1,,,,,,,InvertedResidualv2,,,,3,1,48.0,6.0,,,,,InvertedResidualv2,,,,2,2.0,96.0,3.0,,,,,Pass,,,,1,1,,,,,,,Pass,,,,3,1,,,,,,,0.75,COMPLETE
422,0.509901305151011,124756.0,1.6481578588485717,0.25,640,DWConv,ReLU,32,2,2,Pass,,,128,1,2,,,,,,,InvertedResidualv3,,3.0,,1,1,,,8.0,1.0,0.0,3.8000000000000003,DWConv,ReLU,5.0,144.0,5,2,,,,,,,InvertedResidualv3,,5.0,,2,1.0,,,32.0,0.0,0.0,1.0,InvertedResidualv2,,,,1,1,16.0,8.0,,,,,Conv,ReLU,1.0,128.0,3,2,,,,,,,1.0,COMPLETE
424,0.5129013067508545,75644.0,1.1861333529154459,0.5,640,DWConv,ReLU,32,2,1,InvertedResidualv3,,5.0,128,1,2,,,40.0,1.0,0.0,5.6000000000000005,Pass,,,,1,1,,,,,,,Pass,,,,5,2,,,,,,,InvertedResidualv3,,5.0,,2,1.0,,,64.0,0.0,0.0,2.0,Pass,,,,1,1,,,,,,,Pass,,,,4,2,,,,,,,1.0,COMPLETE
426,0.5093050516148548,632428.0,2.3149162610371907,0.5,768,Conv,ReLU,32,2,1,InvertedResidualv2,,,80,1,2,16.0,3.0,,,,,Pass,,,,1,1,,,,,,,DWConv,ReLU,3.0,16.0,5,2,,,,,,,InvertedResidualv3,,5.0,,2,1.0,,,16.0,1.0,1.0,4.4,InvertedResidualv3,,5.0,,2,2,,,128.0,0.0,0.0,1.2,DWConv,Hardswish,3.0,768.0,3,2,,,,,,,1.0,COMPLETE
429,0.5128947054325939,79372.0,0.8731285254160563,0.25,256,DWConv,Hardswish,32,2,1,InvertedResidualv2,,,64,1,2,16.0,2.0,,,,,Pass,,,,1,1,,,,,,,DWConv,Hardswish,5.0,256.0,5,1,,,,,,,Pass,,,,2,,,,,,,,Pass,,,,1,1,,,,,,,Pass,,,,5,2,,,,,,,1.0,COMPLETE
432,0.5010554371265812,275428.0,3.3062869389851888,1.0,640,DWConv,Hardswish,32,2,2,InvertedResidualv2,,,128,1,1,16.0,4.0,,,,,DWConv,Hardswish,1.0,64.0,2,1,,,,,,,InvertedResidualv2,,,,3,2,56.0,2.0,,,,,DWConv,Hardswish,3.0,96.0,2,2.0,,,,,,,DWConv,ReLU,3.0,496.0,1,1,,,,,,,DWConv,Hardswish,1.0,512.0,3,2,,,,,,,0.75,COMPLETE
433,0.5219598338102257,49484.0,4.23758716583252,1.0,640,DWConv,Hardswish,64,2,1,InvertedResidualv2,,,128,1,1,32.0,3.0,,,,,InvertedResidualv3,,3.0,,1,1,,,40.0,0.0,1.0,4.4,DWConv,ReLU,5.0,240.0,2,2,,,,,,,InvertedResidualv3,,5.0,,2,1.0,,,48.0,0.0,0.0,3.2,InvertedResidualv3,,5.0,,1,1,,,80.0,1.0,1.0,5.6000000000000005,InvertedResidualv2,,,,3,2,16.0,2.0,,,,,0.25,COMPLETE
434,0.5066190766116196,272380.0,2.9944490750630695,1.0,640,Conv,Hardswish,32,2,1,InvertedResidualv2,,,128,1,2,16.0,4.0,,,,,Pass,,,,1,1,,,,,,,Conv,ReLU,1.0,240.0,4,2,,,,,,,InvertedResidualv2,,,,2,1.0,16.0,6.0,,,,,Conv,Hardswish,3.0,352.0,1,1,,,,,,,InvertedResidualv3,,5.0,,2,2,,,64.0,1.0,0.0,2.1,0.5,COMPLETE
435,0.5576636033123546,466636.0,3.1224490483601888,0.75,640,DWConv,Hardswish,32,2,1,InvertedResidualv2,,,128,1,2,16.0,1.0,,,,,Conv,ReLU,5.0,80.0,1,1,,,,,,,DWConv,ReLU,3.0,256.0,3,2,,,,,,,InvertedResidualv3,,5.0,,2,1.0,,,16.0,1.0,1.0,2.5,Pass,,,,1,1,,,,,,,Pass,,,,3,2,,,,,,,1.0,COMPLETE
438,0.5104038406710741,14148.0,0.9552576025327046,0.5,640,DWConv,ReLU,32,2,1,Conv,ReLU,5.0,48,1,1,,,,,,,Pass,,,,1,1,,,,,,,DWConv,ReLU,5.0,192.0,2,2,,,,,,,InvertedResidualv3,,5.0,,2,1.0,,,16.0,0.0,0.0,1.6,Pass,,,,1,1,,,,,,,Pass,,,,3,2,,,,,,,0.25,COMPLETE
440,0.512489744505816,7084.0,0.9187968015670777,0.5,768,Conv,ReLU,64,2,1,InvertedResidualv3,,5.0,128,1,2,,,16.0,0.0,0.0,1.1,Pass,,,,2,1,,,,,,,DWConv,ReLU,3.0,256.0,2,2,,,,,,,InvertedResidualv3,,5.0,,2,1.0,,,16.0,0.0,0.0,1.0,Pass,,,,2,1,,,,,,,Pass,,,,4,2,,,,,,,0.25,COMPLETE
443,0.5004346924622477,44780.0,2.6307221412658692,0.5,768,Conv,ReLU,64,2,1,InvertedResidualv3,,5.0,128,1,1,,,24.0,1.0,1.0,2.4000000000000004,Pass,,,,2,1,,,,,,,DWConv,ReLU,3.0,240.0,2,2,,,,,,,InvertedResidualv3,,5.0,,3,1.0,,,16.0,0.0,0.0,1.1,DWConv,ReLU,1.0,128.0,2,1,,,,,,,InvertedResidualv2,,,,4,2,112.0,5.0,,,,,0.25,COMPLETE
445,0.5136266751090682,947260.0,3.2543402512868247,0.5,768,Conv,ReLU,64,2,1,InvertedResidualv3,,5.0,128,1,2,,,16.0,1.0,1.0,1.3,DWConv,ReLU,5.0,32.0,4,1,,,,,,,DWConv,ReLU,3.0,256.0,2,2,,,,,,,InvertedResidualv3,,5.0,,5,1.0,,,16.0,1.0,1.0,5.6000000000000005,Conv,Hardswish,1.0,176.0,2,1,,,,,,,Pass,,,,4,2,,,,,,,0.75,COMPLETE
446,0.5374389513653788,15532.0,1.74073170820872,0.75,768,Conv,Hardswish,64,2,1,InvertedResidualv3,,5.0,128,1,2,,,32.0,0.0,0.0,2.2,Pass,,,,3,1,,,,,,,DWConv,ReLU,3.0,224.0,2,2,,,,,,,InvertedResidualv3,,5.0,,3,1.0,,,16.0,0.0,0.0,1.2,Pass,,,,2,1,,,,,,,Pass,,,,4,2,,,,,,,0.25,COMPLETE
447,0.5398541514809644,25948.0,1.4679402669270833,0.5,768,Conv,Hardswish,64,2,1,InvertedResidualv3,,5.0,128,1,2,,,32.0,0.0,0.0,2.2,Pass,,,,3,1,,,,,,,DWConv,ReLU,3.0,224.0,2,2,,,,,,,InvertedResidualv3,,5.0,,3,1.0,,,16.0,0.0,0.0,3.6,Pass,,,,2,1,,,,,,,Pass,,,,4,2,,,,,,,0.25,COMPLETE
448,0.5155278373785471,30636.0,2.0699114481608074,0.75,896,Conv,Hardswish,64,2,1,InvertedResidualv3,,5.0,128,1,2,,,32.0,0.0,0.0,1.7000000000000002,Pass,,,,3,1,,,,,,,DWConv,ReLU,3.0,256.0,2,2,,,,,,,InvertedResidualv3,,5.0,,4,1.0,,,80.0,0.0,0.0,1.5,Pass,,,,2,1,,,,,,,Pass,,,,4,2,,,,,,,0.25,COMPLETE
451,0.5271797323920965,51564.0,1.7489898681640625,0.5,1024,Conv,ReLU,64,2,1,InvertedResidualv3,,3.0,128,1,2,,,40.0,0.0,0.0,3.4000000000000004,Pass,,,,5,1,,,,,,,InvertedResidualv2,,,,2,2,64.0,8.0,,,,,InvertedResidualv3,,5.0,,5,1.0,,,64.0,0.0,0.0,1.4,Pass,,,,2,1,,,,,,,Pass,,,,4,2,,,,,,,0.5,COMPLETE
452,0.5388083026817349,23086908.0,4.31335678100586,1.0,768,Conv,ReLU,32,2,1,InvertedResidualv3,,3.0,128,1,2,,,32.0,1.0,1.0,1.8,Pass,,,,2,1,,,,,,,DWConv,ReLU,3.0,208.0,2,2,,,,,,,InvertedResidualv2,,,,4,1.0,80.0,1.0,,,,,Pass,,,,2,1,,,,,,,Conv,ReLU,3.0,896.0,4,2,,,,,,,1.0,COMPLETE
453,0.5511512239960694,375204.0,1.287441078821818,0.5,512,Conv,Hardswish,32,2,1,DWConv,Hardswish,3.0,128,1,2,,,,,,,Pass,,,,2,1,,,,,,,Conv,ReLU,3.0,240.0,2,2,,,,,,,InvertedResidualv3,,5.0,,3,1.0,,,16.0,0.0,0.0,1.2,Pass,,,,3,1,,,,,,,Pass,,,,4,2,,,,,,,1.0,COMPLETE
454,0.501168790549419,25780.0,2.938813893000285,0.5,640,Conv,ReLU,32,2,1,InvertedResidualv3,,5.0,128,1,2,,,24.0,0.0,0.0,2.9000000000000004,InvertedResidualv3,,3.0,,4,1,,,24.0,0.0,1.0,1.4,DWConv,Hardswish,3.0,96.0,2,2,,,,,,,Conv,Hardswish,3.0,112.0,4,2.0,,,,,,,Pass,,,,1,1,,,,,,,Pass,,,,2,2,,,,,,,0.25,COMPLETE
455,0.524055196425767,870996.0,5.310600503285726,0.75,640,Conv,ReLU,32,2,1,InvertedResidualv2,,,128,1,2,32.0,4.0,,,,,Pass,,,,3,2,,,,,,,DWConv,ReLU,3.0,256.0,2,2,,,,,,,InvertedResidualv3,,5.0,,3,1.0,,,16.0,1.0,1.0,1.2,DWConv,ReLU,3.0,432.0,2,1,,,,,,,DWConv,Hardswish,5.0,512.0,3,2,,,,,,,1.0,COMPLETE
456,0.5330779516704364,406132.0,2.1787988980611166,0.5,640,DWConv,ReLU,32,2,2,DWConv,Hardswish,3.0,128,1,2,,,,,,,Conv,Hardswish,5.0,128.0,1,1,,,,,,,DWConv,ReLU,3.0,224.0,2,2,,,,,,,InvertedResidualv3,,5.0,,3,1.0,,,32.0,0.0,0.0,3.9000000000000004,Pass,,,,3,1,,,,,,,Pass,,,,3,2,,,,,,,0.75,COMPLETE
457,0.5817914620628108,2805036.0,2.6157120068868003,0.5,640,DWConv,Hardswish,32,2,1,InvertedResidualv2,,,128,1,2,32.0,4.0,,,,,Pass,,,,1,1,,,,,,,DWConv,Hardswish,3.0,240.0,2,2,,,,,,,DWConv,ReLU,1.0,192.0,5,1.0,,,,,,,Conv,Hardswish,3.0,464.0,1,1,,,,,,,InvertedResidualv2,,,,1,2,48.0,8.0,,,,,1.0,COMPLETE
458,0.5261494646305063,967788.0,7.077542400360107,1.0,896,DWConv,ReLU,64,2,1,Conv,Hardswish,1.0,112,1,2,,,,,,,Pass,,,,3,1,,,,,,,InvertedResidualv3,,3.0,,5,2,,,24.0,0.0,1.0,5.5,InvertedResidualv3,,5.0,,4,1.0,,,48.0,0.0,0.0,1.3,Pass,,,,1,1,,,,,,,InvertedResidualv3,,5.0,,4,2,,,152.0,0.0,0.0,2.7,1.0,COMPLETE
459,0.5248075735788046,127508.0,1.9054634730021158,0.5,640,Conv,ReLU,32,2,1,InvertedResidualv2,,,128,1,2,16.0,2.0,,,,,Pass,,,,1,1,,,,,,,DWConv,ReLU,3.0,112.0,2,2,,,,,,,InvertedResidualv3,,5.0,,3,2.0,,,16.0,0.0,0.0,1.0,InvertedResidualv3,,5.0,,5,1,,,64.0,0.0,0.0,5.9,Pass,,,,3,2,,,,,,,1.0,COMPLETE
460,0.5109479502233556,17468.0,2.292947196960449,0.5,640,DWConv,ReLU,32,2,1,InvertedResidualv3,,5.0,32,1,2,,,16.0,1.0,1.0,3.8000000000000003,DWConv,ReLU,3.0,80.0,1,2,,,,,,,InvertedResidualv2,,,,5,2,40.0,3.0,,,,,InvertedResidualv2,,,,1,1.0,48.0,7.0,,,,,Pass,,,,1,1,,,,,,,Pass,,,,3,2,,,,,,,0.25,COMPLETE
462,0.5152613055052079,986684.0,1.5398229360580444,0.75,768,DWConv,ReLU,64,2,1,Pass,,,128,1,2,,,,,,,Pass,,,,4,1,,,,,,,Conv,Hardswish,3.0,256.0,2,2,,,,,,,InvertedResidualv3,,5.0,,1,1.0,,,16.0,1.0,1.0,1.7000000000000002,Pass,,,,2,1,,,,,,,Pass,,,,2,2,,,,,,,1.0,COMPLETE
464,0.5000495399158027,359628.0,1.7868202606836954,0.5,640,DWConv,ReLU,32,2,1,InvertedResidualv2,,,112,1,1,16.0,2.0,,,,,InvertedResidualv3,,3.0,,1,1,,,40.0,1.0,1.0,1.0,DWConv,ReLU,3.0,128.0,4,2,,,,,,,Conv,Hardswish,3.0,176.0,4,2.0,,,,,,,Pass,,,,1,1,,,,,,,Pass,,,,3,2,,,,,,,0.75,COMPLETE
465,0.5867353295926577,221980.0,1.6109546661376952,0.5,640,DWConv,Hardswish,32,2,1,InvertedResidualv2,,,128,1,2,16.0,3.0,,,,,Pass,,,,1,1,,,,,,,DWConv,Hardswish,3.0,240.0,5,2,,,,,,,InvertedResidualv3,,5.0,,5,1.0,,,16.0,0.0,0.0,2.8,Pass,,,,1,1,,,,,,,Pass,,,,3,2,,,,,,,1.0,COMPLETE
467,0.524225578224481,43876.0,1.6256362676620484,1.0,640,DWConv,ReLU,32,2,1,Pass,,,128,1,2,,,,,,,Pass,,,,1,1,,,,,,,DWConv,ReLU,3.0,256.0,5,2,,,,,,,InvertedResidualv3,,5.0,,1,1.0,,,32.0,0.0,0.0,3.1,Pass,,,,1,1,,,,,,,DWConv,Hardswish,3.0,384.0,3,2,,,,,,,0.25,COMPLETE
468,0.5647532240763747,517652.0,3.2695061683654787,0.5,640,Conv,ReLU,64,2,1,InvertedResidualv2,,,80,3,2,32.0,4.0,,,,,Pass,,,,3,1,,,,,,,DWConv,ReLU,3.0,144.0,5,2,,,,,,,InvertedResidualv3,,5.0,,1,1.0,,,64.0,1.0,1.0,1.5,Conv,Hardswish,1.0,48.0,5,1,,,,,,,InvertedResidualv2,,,,3,2,128.0,7.0,,,,,1.0,COMPLETE
471,0.5402084350566251,643668.0,1.5329258600870768,0.5,896,DWConv,ReLU,32,2,1,InvertedResidualv2,,,128,1,2,16.0,3.0,,,,,DWConv,ReLU,5.0,96.0,4,1,,,,,,,Conv,ReLU,3.0,176.0,5,2,,,,,,,InvertedResidualv3,,5.0,,1,1.0,,,16.0,0.0,0.0,4.6,Pass,,,,1,1,,,,,,,Pass,,,,1,2,,,,,,,1.0,COMPLETE
472,0.5441362853436473,79140.0,1.8114495913187663,0.5,1024,Conv,ReLU,32,2,1,InvertedResidualv2,,,128,1,2,16.0,3.0,,,,,Pass,,,,1,2,,,,,,,DWConv,ReLU,3.0,224.0,5,2,,,,,,,InvertedResidualv3,,5.0,,3,1.0,,,16.0,0.0,0.0,1.4,Pass,,,,3,1,,,,,,,Pass,,,,3,2,,,,,,,0.75,COMPLETE
473,0.5598470658938237,142812.0,1.4415167888005576,1.0,512,DWConv,Hardswish,32,2,1,Pass,,,32,3,2,,,,,,,InvertedResidualv2,,,,1,1,16.0,8.0,,,,,DWConv,Hardswish,3.0,240.0,5,2,,,,,,,Conv,Hardswish,1.0,144.0,1,1.0,,,,,,,Pass,,,,1,1,,,,,,,Pass,,,,4,2,,,,,,,1.0,COMPLETE
476,0.5470243401446772,339204.0,4.333077335357666,0.75,640,Conv,ReLU,32,2,1,InvertedResidualv3,,5.0,112,1,1,,,40.0,1.0,1.0,2.2,Pass,,,,2,1,,,,,,,InvertedResidualv3,,3.0,,5,2,,,64.0,0.0,1.0,4.6,InvertedResidualv3,,5.0,,3,1.0,,,16.0,0.0,0.0,1.1,Pass,,,,5,1,,,,,,,Pass,,,,3,2,,,,,,,1.0,COMPLETE
477,0.5231653949589445,92564.0,2.354039446512858,0.5,640,DWConv,Hardswish,32,2,1,InvertedResidualv2,,,128,3,2,16.0,3.0,,,,,Conv,Hardswish,1.0,112.0,1,2,,,,,,,DWConv,ReLU,3.0,160.0,4,2,,,,,,,InvertedResidualv3,,5.0,,5,1.0,,,16.0,0.0,0.0,1.6,Pass,,,,1,1,,,,,,,Pass,,,,3,1,,,,,,,1.0,COMPLETE
478,0.5686968367254207,1041900.0,3.7052245299021402,1.0,640,DWConv,ReLU,32,2,1,DWConv,Hardswish,3.0,128,1,2,,,,,,,Pass,,,,1,1,,,,,,,DWConv,Hardswish,3.0,224.0,5,2,,,,,,,InvertedResidualv2,,,,3,1.0,32.0,4.0,,,,,DWConv,ReLU,3.0,288.0,1,1,,,,,,,DWConv,Hardswish,3.0,1024.0,2,2,,,,,,,1.0,COMPLETE
480,0.5338674768153603,149436.0,1.6293162743250529,0.5,640,DWConv,ReLU,64,2,2,Conv,ReLU,1.0,128,5,1,,,,,,,Pass,,,,5,1,,,,,,,DWConv,ReLU,3.0,128.0,2,2,,,,,,,InvertedResidualv3,,5.0,,1,1.0,,,16.0,1.0,1.0,5.1000000000000005,Conv,Hardswish,1.0,320.0,1,1,,,,,,,Pass,,,,3,2,,,,,,,0.5,COMPLETE
481,0.5628531799143358,616924.0,2.5129621187845865,0.5,640,Conv,Hardswish,32,2,1,InvertedResidualv2,,,80,2,2,16.0,3.0,,,,,Pass,,,,1,1,,,,,,,Conv,ReLU,3.0,208.0,5,2,,,,,,,InvertedResidualv3,,5.0,,1,1.0,,,16.0,0.0,0.0,1.9,InvertedResidualv3,,5.0,,1,1,,,160.0,0.0,0.0,1.9,InvertedResidualv3,,5.0,,4,1,,,8.0,0.0,0.0,2.3,1.0,COMPLETE
482,0.5164696461103693,1243812.0,2.236217562357585,1.0,768,DWConv,ReLU,32,2,1,InvertedResidualv2,,,128,1,2,32.0,1.0,,,,,DWConv,ReLU,5.0,64.0,1,1,,,,,,,DWConv,Hardswish,3.0,96.0,5,2,,,,,,,Conv,Hardswish,3.0,256.0,4,1.0,,,,,,,Pass,,,,2,1,,,,,,,Pass,,,,3,2,,,,,,,0.75,COMPLETE
484,0.5477744201788896,123068.0,2.8165525277455647,0.75,640,DWConv,ReLU,32,2,1,InvertedResidualv2,,,128,1,2,16.0,3.0,,,,,InvertedResidualv2,,,,2,1,8.0,3.0,,,,,DWConv,ReLU,3.0,112.0,1,2,,,,,,,InvertedResidualv3,,5.0,,5,1.0,,,64.0,0.0,0.0,1.2,Pass,,,,5,1,,,,,,,Pass,,,,1,2,,,,,,,1.0,COMPLETE
485,0.5030713869376298,62276.0,2.426478958129883,0.5,384,Conv,Hardswish,32,2,1,InvertedResidualv3,,5.0,128,1,2,,,16.0,0.0,0.0,4.6,Pass,,,,1,1,,,,,,,InvertedResidualv3,,3.0,,5,2,,,16.0,1.0,0.0,5.2,InvertedResidualv3,,5.0,,1,2.0,,,80.0,0.0,0.0,4.300000000000001,Pass,,,,1,1,,,,,,,Pass,,,,3,1,,,,,,,1.0,COMPLETE
486,0.5104043311040763,96756.0,1.8951615969340005,0.5,640,DWConv,ReLU,32,2,2,InvertedResidualv2,,,128,1,1,16.0,4.0,,,,,Conv,Hardswish,1.0,48.0,1,1,,,,,,,DWConv,Hardswish,3.0,256.0,2,1,,,,,,,InvertedResidualv3,,5.0,,2,1.0,,,16.0,0.0,0.0,4.0,InvertedResidualv2,,,,1,1,112.0,4.0,,,,,Conv,ReLU,3.0,256.0,3,2,,,,,,,0.25,COMPLETE
487,0.5466535706457555,252820.0,5.357826169331869,0.5,640,DWConv,ReLU,64,2,1,InvertedResidualv2,,,112,3,2,16.0,3.0,,,,,InvertedResidualv3,,3.0,,4,1,,,16.0,1.0,1.0,2.0,DWConv,ReLU,5.0,240.0,4,2,,,,,,,InvertedResidualv3,,5.0,,2,1.0,,,48.0,1.0,1.0,1.5,Pass,,,,2,2,,,,,,,Pass,,,,4,2,,,,,,,1.0,COMPLETE
488,0.5282789107766332,248140.0,2.3709695816040037,1.0,256,DWConv,ReLU,32,2,1,Pass,,,128,1,2,,,,,,,Pass,,,,1,1,,,,,,,DWConv,ReLU,3.0,224.0,5,2,,,,,,,InvertedResidualv2,,,,3,1.0,64.0,2.0,,,,,DWConv,ReLU,3.0,208.0,1,1,,,,,,,Pass,,,,3,2,,,,,,,1.0,COMPLETE
489,0.5197425738377802,29468.0,1.5180458466211955,0.5,640,Conv,Hardswish,32,2,1,DWConv,Hardswish,3.0,32,1,2,,,,,,,Pass,,,,1,2,,,,,,,InvertedResidualv2,,,,3,1,24.0,5.0,,,,,InvertedResidualv3,,5.0,,2,2.0,,,16.0,0.0,0.0,1.3,Pass,,,,1,1,,,,,,,Pass,,,,3,1,,,,,,,0.75,COMPLETE
490,0.5464630350961924,516732.0,2.9326677481333414,0.75,640,DWConv,ReLU,32,2,1,InvertedResidualv2,,,128,5,2,32.0,2.0,,,,,Pass,,,,3,1,,,,,,,Conv,ReLU,3.0,256.0,5,2,,,,,,,InvertedResidualv3,,5.0,,1,1.0,,,32.0,0.0,0.0,1.1,Pass,,,,3,1,,,,,,,DWConv,Hardswish,1.0,128.0,3,2,,,,,,,0.5,COMPLETE
492,0.5207357611063909,439500.0,2.4711786905924478,0.5,1024,DWConv,ReLU,64,2,2,InvertedResidualv2,,,128,2,2,16.0,3.0,,,,,Pass,,,,1,1,,,,,,,DWConv,ReLU,3.0,256.0,5,2,,,,,,,Conv,ReLU,3.0,96.0,1,1.0,,,,,,,InvertedResidualv3,,5.0,,1,1,,,144.0,1.0,1.0,3.5,InvertedResidualv3,,5.0,,2,2,,,16.0,1.0,1.0,1.0,1.0,COMPLETE
494,0.5682398509759016,418340.0,1.7327402591705323,0.5,512,DWConv,ReLU,32,1,1,InvertedResidualv3,,5.0,48,1,2,,,40.0,1.0,1.0,4.9,Pass,,,,2,1,,,,,,,DWConv,Hardswish,5.0,240.0,2,1,,,,,,,InvertedResidualv3,,5.0,,2,1.0,,,16.0,1.0,0.0,5.4,Pass,,,,2,1,,,,,,,Pass,,,,3,2,,,,,,,1.0,COMPLETE
495,0.5536090487325476,440372.0,3.3235584100087485,0.5,640,DWConv,ReLU,32,2,1,Pass,,,128,3,2,,,,,,,Conv,Hardswish,1.0,112.0,5,2,,,,,,,InvertedResidualv3,,3.0,,5,2,,,80.0,0.0,1.0,4.2,InvertedResidualv3,,5.0,,4,2.0,,,16.0,0.0,1.0,3.4000000000000004,Pass,,,,1,2,,,,,,,Pass,,,,3,2,,,,,,,1.0,COMPLETE
496,0.5409574277853201,191412.0,1.2701717376708985,0.5,640,DWConv,ReLU,32,2,1,InvertedResidualv2,,,128,1,2,16.0,3.0,,,,,Pass,,,,4,1,,,,,,,DWConv,ReLU,5.0,224.0,3,2,,,,,,,InvertedResidualv3,,5.0,,1,1.0,,,16.0,0.0,0.0,2.6,Pass,,,,1,1,,,,,,,Pass,,,,1,2,,,,,,,1.0,COMPLETE
497,0.5365447075254238,823428.0,2.7250666936238606,0.75,640,Conv,Hardswish,32,2,1,InvertedResidualv2,,,128,1,1,16.0,1.0,,,,,InvertedResidualv2,,,,1,1,32.0,5.0,,,,,DWConv,ReLU,3.0,208.0,2,1,,,,,,,InvertedResidualv2,,,,2,1.0,96.0,6.0,,,,,InvertedResidualv2,,,,1,1,80.0,1.0,,,,,Conv,ReLU,1.0,640.0,3,1,,,,,,,0.75,COMPLETE
499,0.5551214146319269,64708.0,2.3152618408203125,0.5,128,DWConv,ReLU,64,2,1,Pass,,,112,1,2,,,,,,,InvertedResidualv3,,3.0,,3,1,,,32.0,0.0,0.0,5.1000000000000005,DWConv,Hardswish,3.0,48.0,5,1,,,,,,,InvertedResidualv3,,5.0,,1,1.0,,,32.0,1.0,1.0,1.2,Pass,,,,2,1,,,,,,,Pass,,,,3,2,,,,,,,1.0,COMPLETE
501,0.5109714851189985,731852.0,1.227844270070394,0.5,896,Conv,Hardswish,32,2,1,InvertedResidualv3,,5.0,48,1,2,,,24.0,0.0,0.0,5.5,Pass,,,,1,1,,,,,,,DWConv,ReLU,3.0,128.0,1,2,,,,,,,Pass,,,,3,,,,,,,,Pass,,,,1,1,,,,,,,DWConv,Hardswish,3.0,768.0,3,1,,,,,,,1.0,COMPLETE
503,0.5478061861987066,934860.0,1.4716949224472047,0.25,640,DWConv,ReLU,64,2,1,InvertedResidualv2,,,64,1,2,16.0,3.0,,,,,Pass,,,,4,1,,,,,,,DWConv,Hardswish,3.0,144.0,2,2,,,,,,,InvertedResidualv3,,5.0,,3,1.0,,,48.0,0.0,0.0,1.0,Conv,Hardswish,1.0,384.0,5,1,,,,,,,InvertedResidualv3,,5.0,,3,2,,,112.0,0.0,0.0,4.0,1.0,COMPLETE
504,0.5017470466277344,20436.0,2.4829397201538086,0.5,768,DWConv,Hardswish,32,1,2,InvertedResidualv2,,,128,5,2,16.0,3.0,,,,,DWConv,ReLU,5.0,96.0,1,1,,,,,,,InvertedResidualv3,,3.0,,5,2,,,64.0,1.0,0.0,6.0,InvertedResidualv3,,5.0,,1,1.0,,,64.0,0.0,0.0,1.6,Pass,,,,1,2,,,,,,,Pass,,,,5,2,,,,,,,0.25,COMPLETE
505,0.578338940873552,325100.0,2.8877461274464924,1.0,640,Conv,ReLU,32,2,1,InvertedResidualv2,,,128,3,2,16.0,3.0,,,,,Conv,Hardswish,1.0,16.0,1,1,,,,,,,DWConv,ReLU,5.0,240.0,5,1,,,,,,,InvertedResidualv3,,5.0,,2,1.0,,,16.0,0.0,0.0,3.7,Pass,,,,2,1,,,,,,,Pass,,,,2,1,,,,,,,1.0,COMPLETE
